--
-- Generate database instance for Cs5332 Project
-- (version 2)
-- This schema was used to produce the sample solutions
--

set termout on
prompt Building new database instance ...
set termout off
set feedback off

insert into Party values (123566,null,'Michelle','Huang','Banksia Cres','Clontarf','QLD','4019','98925780');
insert into Client values (123566);
insert into Policy values (543324,to_date('18-Feb-1999','DD-MON-YYYY'),null,null,null,null,'DR');
insert into Holds values (123566,543324);
insert into CoveredItem values(123493,'Toyota','Corolla',1980,'AJG749',2000);
insert into Coverage values (765443,'Third Party Property',4937.71);
update Policy set status='RA' where id=543324;
insert into Covers values (123493,543324,765443);
insert into Party values (123676,null,'Ming','Zhang','George St','Chartwell','VIC','3030','94723510');
insert into Employee values (912425, 123676, 'Rater', 63200);
insert into RatingAction values(765443, 123676, 'A', to_date('22-Feb-1999','DD-MON-YYYY'), 63.84);
update Policy set status='UW' where id=543324;
insert into Party values (123774,null,'Eric','Edwards','Banksia Cres','Merri','VIC','3068','93712157');
insert into Employee values (912463, 123774, 'Underwriter', 78400);
insert into UnderWritingAction values(543324, 123774, 'A', to_date('24-Feb-1999','DD-MON-YYYY'));
update Policy set validFrom=to_date('26-Feb-1999','DD-MON-YYYY'),validUntil=to_date('26-Feb-2000','DD-MON-YYYY'),premium=63.84,paidOn=to_date('25-Feb-1999','DD-MON-YYYY'),status='OK'
 where id=543324;
insert into Party values (123845,null,'Yang','Strachan','Hume Rd','Lutwyche','QLD','4030','97454528');
insert into Client values (123845);
insert into Policy values (543397,to_date('15-Feb-1999','DD-MON-YYYY'),null,null,null,null,'DR');
insert into Holds values (123845,543397);
insert into Party values (123877,null,'Duy','Young','Acacia St','Rosanna','VIC','3084','95119323');
insert into Client values (123877);
insert into Policy values (543407,to_date('29-Mar-1999','DD-MON-YYYY'),null,null,null,null,'DR');
insert into Holds values (123877,543407);
insert into CoveredItem values(123549,'Alfa','Romeo',1990,'OVD397',6000);
insert into Coverage values (765452,'Fire',3748.69);
update Policy set status='RA' where id=543407;
insert into Covers values (123549,543407,765452);
insert into Party values (123978,null,'Donald','Date','Oak St','Rushcutters Bay','NSW','2011','93709716');
insert into Employee values (912527, 123978, 'Rater', 69300);
insert into RatingAction values(765452, 123978, 'A', to_date('1-Apr-1999','DD-MON-YYYY'), 91.84);
update Policy set status='UW' where id=543407;
insert into Party values (124028,null,'Wai','Yao','Station St','Rosanna','VIC','3084','98399352');
insert into Employee values (912620, 124028, 'Underwriter', 91500);
insert into UnderWritingAction values(543407, 124028, 'A', to_date('6-Apr-1999','DD-MON-YYYY'));
update Policy set validFrom=to_date('15-Apr-1999','DD-MON-YYYY'),validUntil=to_date('14-Apr-2000','DD-MON-YYYY'),premium=91.84,paidOn=to_date('13-Apr-1999','DD-MON-YYYY'),status='OK'
 where id=543407;
insert into Party values (124074,null,'Jennifer','Park','New St','Bellbowrie','QLD','4070','96243285');
insert into Claimant values (123877);
insert into Claim values(123484, 543407, 123877, to_date('28-Nov-1999','DD-MON-YYYY'), to_date('28-Nov-1999','DD-MON-YYYY'), 30774.78, 'A');
insert into Party values (124162,null,'Yen','Smith','Philip St','St Leonards','NSW','2065','90149536');
insert into Employee values (912635, 124162, 'Claim Processor', 60200);
insert into ClaimAction values(123484, 124162, 'OP', to_date('28-Nov-1999','DD-MON-YYYY'), 30774.78, null);
insert into Party values (124264,null,'Jonathan','Connolly','Park Ave','Cowan','NSW','2081','90459594');
insert into Employee values (912638, 124264, 'Claim Processor', 53400);
insert into Party values (124345,null,'Trevor','Baker','Commercial St','St Helena','VIC','3088','92980041');
insert into ClaimAction values(123484, 124264, 'PO', to_date('2-Dec-1999','DD-MON-YYYY'), 26789.66, 124345);
insert into Party values (124456,null,'Chun','Zhang','Smith St','Dee Why','NSW','2099','99331358');
insert into Employee values (912730, 124456, 'Claim Processor', 62900);
insert into Party values (124561,null,'Hong','Baker','Hume St','Killara','NSW','2071','99164427');
insert into ClaimAction values(123484, 124456, 'PI', to_date('6-Dec-1999','DD-MON-YYYY'), 1055.48, 124561);
insert into ClaimAction values(123484, 124162, 'PO', to_date('11-Dec-1999','DD-MON-YYYY'), 4717.08, 124074);
update Claim set reserve=323.53, status='A' where id=123484;
insert into Party values (124668,null,'Timothy','Hilfgott','Oxford Ln','Sumner','QLD','4074','93353881');
insert into Claimant values (124668);
insert into Claim values(123595, 543407, 124668, to_date('3-Feb-2000','DD-MON-YYYY'), to_date('3-Feb-2000','DD-MON-YYYY'), 17452.94, 'A');
insert into ClaimAction values(123595, 124264, 'OP', to_date('3-Feb-2000','DD-MON-YYYY'), 17452.94, null);
insert into Party values (124725,'Klingon Shipping Co','Martin','Ramakrishnan','Main St','Pinkenba','QLD','4008','94621581');
insert into ClaimAction values(123595, 124162, 'PO', to_date('6-Feb-2000','DD-MON-YYYY'), 16101.95, 124725);
insert into Party values (124824,null,'Jimmy','Lee','Station Rd','Wattle Glen','VIC','3096','92741698');
insert into ClaimAction values(123595, 124264, 'PO', to_date('8-Feb-2000','DD-MON-YYYY'), 1105.50, 124824);
update Claim set reserve=245.49, status='A' where id=123595;
insert into Party values (124920,null,'Lawrence','Tse','Albert Rd','Dee Why','NSW','2099','92046508');
insert into Claimant values (124920);
insert into Claim values(123709, 543407, 124920, to_date('16-Mar-2000','DD-MON-YYYY'), to_date('16-Mar-2000','DD-MON-YYYY'), 3969.97, 'A');
insert into Party values (124929,null,'Steven','Zhao','Kings Rd','Kensington','VIC','3031','91521911');
insert into Employee values (912755, 124929, 'Claim Processor', 61000);
insert into ClaimAction values(123709, 124929, 'OP', to_date('16-Mar-2000','DD-MON-YYYY'), 3969.97, null);
insert into ClaimAction values(123709, 124929, 'PO', to_date('18-Mar-2000','DD-MON-YYYY'), 2332.94, 124920);
insert into Party values (124978,null,'Joseph','Robinson','Main Rd','Wattle Glen','VIC','3096','93821105');
insert into ClaimAction values(123709, 124264, 'PO', to_date('19-Mar-2000','DD-MON-YYYY'), 1343.06, 124978);
update Claim set reserve=293.97, status='A' where id=123709;
insert into Party values (125052,'Packer Construction Supplies','Hai','Robinson','York St','Boondall Heights','QLD','4034','94368590');
insert into Client values (125052);
insert into Policy values (543518,to_date('9-Feb-1999','DD-MON-YYYY'),null,null,null,null,'DR');
insert into Holds values (125052,543518);
insert into CoveredItem values(123605,'Nissan','Pulsar',1993,'FNO183',10500);
insert into Coverage values (765458,'Third Party Property',390.91);
update Policy set status='RA' where id=543518;
insert into Covers values (123605,543518,765458);
insert into Party values (125155,null,'Elaine','Widom','High St','St Leonards','NSW','2065','91187133');
insert into Employee values (912786, 125155, 'Rater', 60500);
insert into RatingAction values(765458, 125155, 'A', to_date('13-Feb-1999','DD-MON-YYYY'), 56.25);
update Policy set status='UW' where id=543518;
insert into Party values (125183,null,'Ronald','Lai','Hunter St','Ellen Grove','QLD','4077','92558898');
insert into Employee values (912813, 125183, 'Underwriter', 97400);
insert into UnderWritingAction values(543518, 125183, 'A', to_date('14-Feb-1999','DD-MON-YYYY'));
update Policy set validFrom=to_date('23-Feb-1999','DD-MON-YYYY'),validUntil=to_date('23-Feb-2000','DD-MON-YYYY'),premium=56.25,paidOn=to_date('21-Feb-1999','DD-MON-YYYY'),status='CA'
 where id=543518;
insert into Party values (125197,null,'Kit','Goh','New St','Ellen Grove','QLD','4077','95234984');
insert into Client values (125197);
insert into Policy values (543560,to_date('29-Mar-1999','DD-MON-YYYY'),null,null,null,null,'DR');
insert into Holds values (125197,543560);
insert into CoveredItem values(123626,'Mitsubishi','Magna',1991,'LVW386',7500);
insert into Coverage values (765477,'Third Party Property',3694.14);
update Policy set status='RA' where id=543560;
insert into Covers values (123626,543560,765477);
insert into Party values (125257,null,'Robert','Robinson','Commercial Rd','Rosanna','VIC','3084','94863891');
insert into Client values (125257);
insert into Policy values (543577,to_date('10-Feb-1999','DD-MON-YYYY'),null,null,null,null,'DR');
insert into Holds values (125257,543577);
insert into CoveredItem values(123655,'Honda','Prelude',1985,'YSS249',5000);
insert into Coverage values (765484,'Accidental Damage',763.53);
insert into Coverage values (765489,'Third Party',3834.96);
insert into Coverage values (765490,'Third Party Property',2456.50);
insert into Coverage values (765491,'Fire',1500.96);
update Policy set status='RA' where id=543577;
insert into Covers values (123655,543577,765484);
insert into Covers values (123655,543577,765489);
insert into Covers values (123655,543577,765490);
insert into Covers values (123655,543577,765491);
insert into RatingAction values(765484, 123978, 'A', to_date('15-Feb-1999','DD-MON-YYYY'), 94.28);
insert into RatingAction values(765489, 123676, 'A', to_date('11-Feb-1999','DD-MON-YYYY'), 76.31);
insert into RatingAction values(765490, 123676, 'A', to_date('11-Feb-1999','DD-MON-YYYY'), 99.33);
insert into RatingAction values(765491, 123676, 'A', to_date('11-Feb-1999','DD-MON-YYYY'), 56.31);
update Policy set status='UW' where id=543577;
insert into Employee values (912909, 125197, 'Underwriter', 78900);
insert into UnderWritingAction values(543577, 125197, 'A', to_date('21-Feb-1999','DD-MON-YYYY'));
update Policy set validFrom=to_date('1-Mar-1999','DD-MON-YYYY'),validUntil=to_date('29-Feb-2000','DD-MON-YYYY'),premium=326.23,paidOn=to_date('27-Feb-1999','DD-MON-YYYY'),status='OK'
 where id=543577;
insert into Party values (125280,null,'Julian','Ng','Mandible St','North Steyne','NSW','2095','94292907');
insert into Claimant values (125280);
insert into Claim values(123737, 543577, 125280, to_date('19-Mar-1999','DD-MON-YYYY'), to_date('19-Mar-1999','DD-MON-YYYY'), 13901.61, 'A');
insert into ClaimAction values(123737, 124929, 'OP', to_date('19-Mar-1999','DD-MON-YYYY'), 13901.61, null);
insert into ClaimAction values(123737, 124929, 'PO', to_date('21-Mar-1999','DD-MON-YYYY'), 9913.78, 125280);
insert into Party values (125311,null,'Jing','Goh','Hume St','Heidelberg Rgh','VIC','3081','92612304');
insert into ClaimAction values(123737, 124929, 'PO', to_date('23-Mar-1999','DD-MON-YYYY'), 4126.45, 125311);
update Claim set reserve=-138.61, status='A' where id=123737;
insert into Party values (125336,null,'Sze','Kong','King St','Jolimont','VIC','3002','99052123');
insert into Client values (125336);
insert into Policy values (543582,to_date('8-Feb-1999','DD-MON-YYYY'),null,null,null,null,'DR');
insert into Holds values (125336,543582);
insert into CoveredItem values(123769,'Ford','Fairlane',1986,'UVI047',5000);
insert into Coverage values (765497,'Accidental Damage',866.59);
insert into Coverage values (765515,'Third Party Property',3055.65);
update Policy set status='RA' where id=543582;
insert into Covers values (123769,543582,765497);
insert into Covers values (123769,543582,765515);
insert into RatingAction values(765497, 123676, 'A', to_date('10-Feb-1999','DD-MON-YYYY'), 76.52);
insert into Party values (125436,null,'Jun','Adams','Kings Rd','Chartwell','VIC','3030','96188048');
insert into Employee values (912929, 125436, 'Rater', 71000);
insert into RatingAction values(765515, 125436, 'A', to_date('10-Feb-1999','DD-MON-YYYY'), 63.00);
update Policy set status='UW' where id=543582;
insert into UnderWritingAction values(543582, 125197, 'A', to_date('16-Feb-1999','DD-MON-YYYY'));
update Policy set validFrom=to_date('23-Feb-1999','DD-MON-YYYY'),validUntil=to_date('23-Feb-2000','DD-MON-YYYY'),premium=139.52,paidOn=to_date('21-Feb-1999','DD-MON-YYYY'),status='OK'
 where id=543582;
insert into Party values (125509,null,'Yee','Ullman','Royal Pde','Little Bay','NSW','2036','95335387');
insert into Claimant values (125509);
insert into Claim values(123808, 543582, 125509, to_date('1-Feb-2000','DD-MON-YYYY'), to_date('1-Feb-2000','DD-MON-YYYY'), 28539.06, 'A');
insert into ClaimAction values(123808, 124456, 'OP', to_date('1-Feb-2000','DD-MON-YYYY'), 28539.06, null);
insert into ClaimAction values(123808, 124456, 'PO', to_date('2-Feb-2000','DD-MON-YYYY'), 17084.58, 125509);
insert into Party values (125564,null,'Yee','Goh','Commercial St','West Chatswood','NSW','2067','93564147');
insert into ClaimAction values(123808, 124456, 'PO', to_date('3-Feb-2000','DD-MON-YYYY'), 10009.64, 125564);
insert into ClaimAction values(123808, 124162, 'PO', to_date('5-Feb-2000','DD-MON-YYYY'), 2073.10, 125509);
update Claim set reserve=-628.25, status='A' where id=123808;
insert into Party values (125672,null,'Albert','James','Oak St','Kensington','VIC','3031','95071410');
insert into Client values (125672);
insert into Policy values (543635,to_date('6-Jan-1999','DD-MON-YYYY'),null,null,null,null,'DR');
insert into Holds values (125672,543635);
insert into CoveredItem values(123785,'Holden','Barina',1985,'ASI857',5000);
insert into Coverage values (765525,'Fire',5275.59);
insert into Coverage values (765531,'Accidental Damage',2325.35);
update Policy set status='RA' where id=543635;
insert into Covers values (123785,543635,765525);
insert into Covers values (123785,543635,765531);
insert into RatingAction values(765525, 123676, 'A', to_date('7-Jan-1999','DD-MON-YYYY'), 58.66);
insert into RatingAction values(765531, 125155, 'A', to_date('11-Jan-1999','DD-MON-YYYY'), 73.17);
update Policy set status='UW' where id=543635;
insert into UnderWritingAction values(543635, 124028, 'A', to_date('14-Jan-1999','DD-MON-YYYY'));
update Policy set validFrom=to_date('16-Jan-1999','DD-MON-YYYY'),validUntil=to_date('16-Jan-2000','DD-MON-YYYY'),premium=131.83,paidOn=to_date('15-Jan-1999','DD-MON-YYYY'),status='OK'
 where id=543635;
insert into Party values (125743,null,'Ting','Ullman','Commercial Rd','Keilor Downs','VIC','3038','93042602');
insert into Claimant values (125743);
insert into Claim values(123892, 543635, 125743, to_date('27-Sep-1999','DD-MON-YYYY'), to_date('27-Sep-1999','DD-MON-YYYY'), 15745.48, 'A');
insert into ClaimAction values(123892, 124264, 'OP', to_date('27-Sep-1999','DD-MON-YYYY'), 15745.48, null);
insert into ClaimAction values(123892, 124162, 'PO', to_date('29-Sep-1999','DD-MON-YYYY'), 11830.31, 125743);
insert into Party values (125812,'Leighton News Inc','William','Johnson','Mandible St','Suttons Beach','QLD','4020','90112304');
insert into ClaimAction values(123892, 124264, 'PO', to_date('2-Oct-1999','DD-MON-YYYY'), 2390.89, 125812);
insert into Party values (125855,null,'Alan','Zhang','Smith St','Belrose','NSW','2085','99942320');
insert into Employee values (912933, 125855, 'Claim Processor', 72100);
insert into Party values (125879,null,'Dong','Tse','Fitzroy St','Kensington','VIC','3031','97843627');
insert into ClaimAction values(123892, 125855, 'PO', to_date('5-Oct-1999','DD-MON-YYYY'), 1156.21, 125879);
insert into ClaimAction values(123892, 124264, 'CL', to_date('5-Oct-1999','DD-MON-YYYY'), 0.00, null);
update Claim set reserve=368.08, status='Z' where id=123892;
insert into Party values (125956,null,'Alan','Yang','Oxford Ln','Wattle Glen','VIC','3096','92856139');
insert into Client values (125956);
insert into Policy values (543750,to_date('16-Mar-1999','DD-MON-YYYY'),null,null,null,null,'DR');
insert into Holds values (125956,543750);
insert into CoveredItem values(123804,'Ford','Falcon',1997,'SRN079',16500);
insert into Coverage values (765541,'Third Party',657.46);
update Policy set status='RA' where id=543750;
insert into Covers values (123804,543750,765541);
insert into RatingAction values(765541, 123978, 'A', to_date('18-Mar-1999','DD-MON-YYYY'), 70.46);
update Policy set status='UW' where id=543750;
insert into UnderWritingAction values(543750, 124028, 'A', to_date('22-Mar-1999','DD-MON-YYYY'));
update Policy set validFrom=to_date('29-Mar-1999','DD-MON-YYYY'),validUntil=to_date('28-Mar-2000','DD-MON-YYYY'),premium=70.46,paidOn=to_date('27-Mar-1999','DD-MON-YYYY'),status='OK'
 where id=543750;
insert into Party values (126048,null,'Marcus','Yeo','Elizabeth St','Princes Hill','VIC','3054','99048766');
insert into Client values (126048);
insert into Policy values (543819,to_date('3-Mar-1999','DD-MON-YYYY'),null,null,null,null,'DR');
insert into Holds values (126048,543819);
insert into Party values (126067,null,'Ching','Lim','Hume St','Rainworth','QLD','4065','96907042');
insert into Client values (126067);
insert into Policy values (543856,to_date('9-Mar-1999','DD-MON-YYYY'),null,null,null,null,'DR');
insert into Holds values (126067,543856);
insert into CoveredItem values(123841,'Datsun','240Z',1999,'GZZ998',19500);
insert into Coverage values (765553,'Third Party',2661.21);
update Policy set status='RA' where id=543856;
insert into Covers values (123841,543856,765553);
insert into RatingAction values(765553, 125155, 'A', to_date('10-Mar-1999','DD-MON-YYYY'), 91.85);
update Policy set status='UW' where id=543856;
insert into UnderWritingAction values(543856, 125183, 'A', to_date('11-Mar-1999','DD-MON-YYYY'));
update Policy set validFrom=to_date('18-Mar-1999','DD-MON-YYYY'),validUntil=to_date('17-Mar-2000','DD-MON-YYYY'),premium=91.85,paidOn=to_date('16-Mar-1999','DD-MON-YYYY'),status='OK'
 where id=543856;
insert into Party values (126149,null,'Natalie','Yang','Oxford Ln','Belrose','NSW','2085','97602843');
insert into Client values (126149);
insert into Party values (126158,null,'Tsz','Huang','Oak St','Pinkenba','QLD','4008','99694823');
insert into Client values (126158);
insert into Party values (126174,null,'Richard','Fung','Station Rd','Meadow Heights','VIC','3048','90776061');
insert into Client values (126174);
insert into Policy values (543877,to_date('16-Jan-1999','DD-MON-YYYY'),null,null,null,null,'DR');
insert into Holds values (126149,543877);
insert into Holds values (126158,543877);
insert into Holds values (126174,543877);
insert into CoveredItem values(123928,'Nissan','Pulsar',1998,'IDG845',18000);
insert into Coverage values (765559,'Third Party',536.10);
update Policy set status='RA' where id=543877;
insert into Covers values (123928,543877,765559);
insert into Party values (126218,null,'Julie','Ullman','Hunter St','Gilberton','VIC','3072','90038757');
insert into Client values (126218);
insert into Policy values (543953,to_date('2-Feb-1999','DD-MON-YYYY'),null,null,null,null,'DR');
insert into Holds values (126218,543953);
insert into CoveredItem values(123997,'Honda','Civic',1992,'TGS232',9000);
insert into Coverage values (765571,'Fire',1068.51);
update Policy set status='RA' where id=543953;
insert into Covers values (123997,543953,765571);
insert into Party values (126332,null,'Peter','Lo','Commercial Rd','Ben Buckler','NSW','2026','93752746');
insert into Client values (126332);
insert into Policy values (543968,to_date('24-Feb-1999','DD-MON-YYYY'),null,null,null,null,'DR');
insert into Holds values (126332,543968);
insert into CoveredItem values(124036,'Ford','Laser',1990,'WMU273',6000);
insert into Coverage values (765580,'Accidental Damage',1110.31);
update Policy set status='RA' where id=543968;
insert into Covers values (124036,543968,765580);
insert into RatingAction values(765580, 123676, 'A', to_date('27-Feb-1999','DD-MON-YYYY'), 79.49);
update Policy set status='UW' where id=543968;
insert into Party values (126412,null,'Mark','Zhang','Queens Rd','Chartwell','VIC','3030','94382628');
insert into Employee values (912992, 126412, 'Underwriter', 81000);
insert into UnderWritingAction values(543968, 126412, 'A', to_date('6-Mar-1999','DD-MON-YYYY'));
update Policy set validFrom=to_date('10-Mar-1999','DD-MON-YYYY'),validUntil=to_date('9-Mar-2000','DD-MON-YYYY'),premium=79.49,paidOn=to_date('9-Mar-1999','DD-MON-YYYY'),status='OK'
 where id=543968;
insert into Party values (126466,null,'Patrick','Chiu','Queen St','Donnybrook','VIC','3064','99357298');
insert into Client values (126466);
insert into Policy values (543985,to_date('13-Jan-1999','DD-MON-YYYY'),null,null,null,null,'DR');
insert into Holds values (126466,543985);
insert into CoveredItem values(124075,'Honda','Accord',1984,'YQH943',2000);
insert into Coverage values (765585,'Third Party',4572.14);
insert into Coverage values (765592,'Third Party Property',4052.66);
insert into Coverage values (765605,'Fire',3787.29);
insert into Coverage values (765610,'Third Party Property',682.46);
update Policy set status='RA' where id=543985;
insert into Covers values (124075,543985,765585);
insert into Covers values (124075,543985,765592);
insert into Covers values (124075,543985,765605);
insert into Covers values (124075,543985,765610);
insert into RatingAction values(765585, 125436, 'A', to_date('17-Jan-1999','DD-MON-YYYY'), 99.55);
insert into Party values (126560,null,'Wendy','Zhao','Wattle St','Dee Why','NSW','2099','99282225');
insert into Employee values (913038, 126560, 'Rater', 61200);
insert into RatingAction values(765592, 126560, 'A', to_date('14-Jan-1999','DD-MON-YYYY'), 57.49);
insert into RatingAction values(765605, 125155, 'A', to_date('16-Jan-1999','DD-MON-YYYY'), 82.37);
insert into RatingAction values(765610, 125436, 'A', to_date('18-Jan-1999','DD-MON-YYYY'), 90.75);
update Policy set status='UW' where id=543985;
insert into UnderWritingAction values(543985, 123774, 'A', to_date('23-Jan-1999','DD-MON-YYYY'));
update Policy set validFrom=to_date('27-Jan-1999','DD-MON-YYYY'),validUntil=to_date('27-Jan-2000','DD-MON-YYYY'),premium=330.16,paidOn=to_date('25-Jan-1999','DD-MON-YYYY'),status='OK'
 where id=543985;
insert into Party values (126603,null,'Julian','Silberschatz','Queen St','Bunya','QLD','4055','99152525');
insert into Client values (126603);
insert into Policy values (544059,to_date('31-Jan-1999','DD-MON-YYYY'),null,null,null,null,'DR');
insert into Holds values (126603,544059);
insert into CoveredItem values(124187,'Honda','Civic',1988,'RNY267',5000);
insert into Coverage values (765621,'Fire',4722.20);
insert into Coverage values (765639,'Third Party Property',5145.51);
insert into Coverage values (765644,'Fire',2627.64);
update Policy set status='RA' where id=544059;
insert into Covers values (124187,544059,765621);
insert into Covers values (124187,544059,765639);
insert into Covers values (124187,544059,765644);
insert into RatingAction values(765621, 123676, 'A', to_date('5-Feb-1999','DD-MON-YYYY'), 59.77);
insert into RatingAction values(765639, 125155, 'A', to_date('5-Feb-1999','DD-MON-YYYY'), 90.55);
insert into RatingAction values(765644, 126560, 'D', to_date('2-Feb-1999','DD-MON-YYYY'), 0.00);
insert into RatingAction values(765644, 126560, 'A', to_date('5-Feb-1999','DD-MON-YYYY'), 87.93);
update Policy set status='UW' where id=544059;
insert into UnderWritingAction values(544059, 125197, 'A', to_date('12-Feb-1999','DD-MON-YYYY'));
update Policy set validFrom=to_date('17-Feb-1999','DD-MON-YYYY'),validUntil=to_date('17-Feb-2000','DD-MON-YYYY'),premium=238.25,paidOn=to_date('16-Feb-1999','DD-MON-YYYY'),status='OK'
 where id=544059;
insert into Party values (126619,null,'Ali','Peters','Philip St','Cowan','NSW','2081','99348143');
insert into Client values (126619);
insert into Policy values (544140,to_date('13-Feb-1999','DD-MON-YYYY'),null,null,null,null,'DR');
insert into Holds values (126619,544140);
insert into CoveredItem values(124195,'Honda','Civic',1985,'FRO645',5000);
insert into Coverage values (765663,'Third Party',4379.62);
insert into Coverage values (765667,'Accidental Damage',5065.95);
update Policy set status='RA' where id=544140;
insert into Covers values (124195,544140,765663);
insert into Covers values (124195,544140,765667);
insert into RatingAction values(765663, 126560, 'A', to_date('17-Feb-1999','DD-MON-YYYY'), 58.03);
insert into RatingAction values(765667, 123978, 'A', to_date('15-Feb-1999','DD-MON-YYYY'), 70.80);
update Policy set status='UW' where id=544140;
insert into UnderWritingAction values(544140, 125197, 'A', to_date('22-Feb-1999','DD-MON-YYYY'));
update Policy set validFrom=to_date('25-Feb-1999','DD-MON-YYYY'),validUntil=to_date('25-Feb-2000','DD-MON-YYYY'),premium=128.83,paidOn=to_date('23-Feb-1999','DD-MON-YYYY'),status='OK'
 where id=544140;
insert into Party values (126630,null,'Dennis','Pham','Royal Pde','Clontarf','QLD','4019','94477233');
insert into Claimant values (126630);
insert into Claim values(123925, 544140, 126630, to_date('11-Aug-1999','DD-MON-YYYY'), to_date('11-Aug-1999','DD-MON-YYYY'), 27726.07, 'A');
insert into ClaimAction values(123925, 125855, 'OP', to_date('11-Aug-1999','DD-MON-YYYY'), 27726.07, null);
insert into Party values (126678,null,'Thomas','Silberschatz','Queens Rd','Ben Buckler','NSW','2026','95719298');
insert into ClaimAction values(123925, 125855, 'PO', to_date('12-Aug-1999','DD-MON-YYYY'), 21685.40, 126678);
insert into ClaimAction values(123925, 125855, 'PO', to_date('17-Aug-1999','DD-MON-YYYY'), 1916.20, 126630);
insert into Party values (126778,null,'Wang','Lau','Main Rd','Merri','VIC','3068','98741454');
insert into ClaimAction values(123925, 125855, 'PI', to_date('22-Aug-1999','DD-MON-YYYY'), 1913.88, 126778);
insert into ClaimAction values(123925, 124929, 'PO', to_date('26-Aug-1999','DD-MON-YYYY'), 6804.87, 126630);
update Claim set reserve=-766.52, status='A' where id=123925;
insert into Party values (126816,null,'Alan','Teoh','Myrtle St','Northgate','QLD','4013','97188109');
insert into Claimant values (126816);
insert into Claim values(123937, 544140, 126816, to_date('16-Jan-2000','DD-MON-YYYY'), to_date('16-Jan-2000','DD-MON-YYYY'), 13473.14, 'A');
insert into ClaimAction values(123937, 124456, 'OP', to_date('16-Jan-2000','DD-MON-YYYY'), 13473.14, null);
insert into ClaimAction values(123937, 124456, 'PO', to_date('19-Jan-2000','DD-MON-YYYY'), 1156.24, 126816);
insert into Party values (126882,null,'Lai','Choi','Lygon St','Ben Buckler','NSW','2026','92643127');
insert into Employee values (913122, 126882, 'Claim Processor', 56700);
insert into ClaimAction values(123937, 126882, 'PO', to_date('24-Jan-2000','DD-MON-YYYY'), 2349.42, 126816);
insert into Party values (126903,null,'Daniel','Chen','Smith St','Clifton Gardens','NSW','2088','96083373');
insert into ClaimAction values(123937, 125855, 'PO', to_date('29-Jan-2000','DD-MON-YYYY'), 3914.08, 126903);
insert into Party values (127017,null,'Thomas','Kim','Oak St','Dee Why','NSW','2099','93653258');
insert into ClaimAction values(123937, 124456, 'PI', to_date('3-Feb-2000','DD-MON-YYYY'), 2392.09, 127017);
insert into ClaimAction values(123937, 124456, 'PO', to_date('4-Feb-2000','DD-MON-YYYY'), 9407.09, 126816);
insert into ClaimAction values(123937, 124456, 'CL', to_date('4-Feb-2000','DD-MON-YYYY'), 0.00, null);
update Claim set reserve=-961.60, status='Z' where id=123937;
insert into Party values (127132,null,'Jin','Liu','Oak St','Ardeer','VIC','3022','90422973');
insert into Client values (127132);
insert into Policy values (544149,to_date('9-Feb-1999','DD-MON-YYYY'),null,null,null,null,'DR');
insert into Holds values (127132,544149);
insert into CoveredItem values(124288,'Honda','Prelude',1993,'DBM456',10500);
insert into Coverage values (765677,'Accidental Damage',2258.04);
update Policy set status='RA' where id=544149;
insert into Covers values (124288,544149,765677);
insert into RatingAction values(765677, 125436, 'A', to_date('12-Feb-1999','DD-MON-YYYY'), 89.20);
update Policy set status='UW' where id=544149;
insert into UnderWritingAction values(544149, 126412, 'A', to_date('14-Feb-1999','DD-MON-YYYY'));
update Policy set validFrom=to_date('21-Feb-1999','DD-MON-YYYY'),validUntil=to_date('21-Feb-2000','DD-MON-YYYY'),premium=89.20,paidOn=to_date('20-Feb-1999','DD-MON-YYYY'),status='OK'
 where id=544149;
insert into Party values (127167,null,'Hon','Korth','Main Rd','Tempe','NSW','2044','98401793');
insert into Client values (127167);
insert into Policy values (544166,to_date('5-Feb-1999','DD-MON-YYYY'),null,null,null,null,'DR');
insert into Holds values (127167,544166);
insert into Party values (127225,null,'Hui','Yeo','Banksia Cres','Fortitude Valley','QLD','4006','99405821');
insert into Client values (127225);
insert into Party values (127270,null,'Deborah','Isaacson','York St','Eatons Hill','QLD','4037','92105407');
insert into Client values (127270);
insert into Policy values (544207,to_date('22-Feb-1999','DD-MON-YYYY'),null,null,null,null,'DR');
insert into Holds values (127225,544207);
insert into Holds values (127270,544207);
insert into CoveredItem values(124383,'Subaru','Forester',1995,'HQU874',13500);
insert into Coverage values (765696,'Third Party Property',3933.32);
insert into Coverage values (765709,'Fire',5130.91);
update Policy set status='RA' where id=544207;
insert into Covers values (124383,544207,765696);
insert into Covers values (124383,544207,765709);
insert into Party values (127331,null,'Lachlan','Chiu','Main Rd','Kensington','NSW','2033','91715087');
insert into Client values (127331);
insert into Policy values (544287,to_date('10-Feb-1999','DD-MON-YYYY'),null,null,null,null,'DR');
insert into Holds values (127331,544287);
insert into CoveredItem values(124391,'Subaru','Forester',1996,'MVT666',15000);
insert into Coverage values (765714,'Third Party',4615.11);
insert into Coverage values (765733,'Fire',4047.62);
update Policy set status='RA' where id=544287;
insert into Covers values (124391,544287,765714);
insert into Covers values (124391,544287,765733);
insert into Party values (127386,null,'Sze','Kwok','Park St','Keilor Downs','VIC','3038','98083495');
insert into Employee values (913212, 127386, 'Rater', 68700);
insert into RatingAction values(765714, 127386, 'A', to_date('11-Feb-1999','DD-MON-YYYY'), 60.28);
insert into Party values (127440,null,'Samuel','Wilson','Lygon St','Normanhurst','NSW','2076','90314636');
insert into Employee values (913258, 127440, 'Rater', 79500);
insert into RatingAction values(765733, 127440, 'A', to_date('13-Feb-1999','DD-MON-YYYY'), 54.12);
update Policy set status='UW' where id=544287;
insert into UnderWritingAction values(544287, 126412, 'A', to_date('16-Feb-1999','DD-MON-YYYY'));
update Policy set validFrom=to_date('21-Feb-1999','DD-MON-YYYY'),validUntil=to_date('21-Feb-2000','DD-MON-YYYY'),premium=114.40,paidOn=to_date('20-Feb-1999','DD-MON-YYYY'),status='OK'
 where id=544287;
insert into Party values (127540,null,'Justin','Ho','Kings Rd','Lutwyche','QLD','4030','96054686');
insert into Client values (127540);
insert into Policy values (544359,to_date('3-Feb-1999','DD-MON-YYYY'),null,null,null,null,'DR');
insert into Holds values (127540,544359);
insert into CoveredItem values(124405,'Volkswagen','Golf',1991,'FUG443',7500);
insert into Coverage values (765752,'Fire',4560.56);
update Policy set status='RA' where id=544359;
insert into Covers values (124405,544359,765752);
insert into Party values (127567,null,'Yeung','Young','Royal Pde','West Chatswood','NSW','2067','95869750');
insert into Employee values (913268, 127567, 'Rater', 78000);
insert into RatingAction values(765752, 127567, 'A', to_date('8-Feb-1999','DD-MON-YYYY'), 68.91);
update Policy set status='UW' where id=544359;
insert into UnderWritingAction values(544359, 125183, 'A', to_date('11-Feb-1999','DD-MON-YYYY'));
update Policy set validFrom=to_date('18-Feb-1999','DD-MON-YYYY'),validUntil=to_date('18-Feb-2000','DD-MON-YYYY'),premium=68.91,paidOn=to_date('16-Feb-1999','DD-MON-YYYY'),status='OK'
 where id=544359;
insert into Party values (127571,null,'Ben','Elmasri','Albert Rd','Little Bay','NSW','2036','97564696');
insert into Client values (127571);
insert into Policy values (544423,to_date('3-Feb-1999','DD-MON-YYYY'),null,null,null,null,'DR');
insert into Holds values (127571,544423);
insert into CoveredItem values(124464,'Ford','Futura',1987,'IPY484',5000);
insert into Coverage values (765761,'Accidental Damage',2580.98);
update Policy set status='RA' where id=544423;
insert into Covers values (124464,544423,765761);
insert into RatingAction values(765761, 123676, 'A', to_date('6-Feb-1999','DD-MON-YYYY'), 80.77);
update Policy set status='UW' where id=544423;
insert into Party values (127618,null,'Yin','Korth','Commercial St','Dee Why','NSW','2099','96148070');
insert into Employee values (913345, 127618, 'Underwriter', 81700);
insert into UnderWritingAction values(544423, 127618, 'A', to_date('8-Feb-1999','DD-MON-YYYY'));
update Policy set validFrom=to_date('11-Feb-1999','DD-MON-YYYY'),validUntil=to_date('11-Feb-2000','DD-MON-YYYY'),premium=80.77,paidOn=to_date('10-Feb-1999','DD-MON-YYYY'),status='OK'
 where id=544423;
insert into Party values (127714,null,'Joseph','Peters','Mandible St','Waverton','NSW','2060','98807982');
insert into Client values (127714);
insert into Policy values (544470,to_date('16-Mar-1999','DD-MON-YYYY'),null,null,null,null,'DR');
insert into Holds values (127714,544470);
insert into CoveredItem values(124475,'Mazda','Astina',1988,'KRW135',5000);
insert into Coverage values (765780,'Fire',2063.17);
update Policy set status='RA' where id=544470;
insert into Covers values (124475,544470,765780);
insert into RatingAction values(765780, 127567, 'A', to_date('17-Mar-1999','DD-MON-YYYY'), 93.87);
update Policy set status='UW' where id=544470;
insert into UnderWritingAction values(544470, 126412, 'A', to_date('21-Mar-1999','DD-MON-YYYY'));
update Policy set validFrom=to_date('27-Mar-1999','DD-MON-YYYY'),validUntil=to_date('26-Mar-2000','DD-MON-YYYY'),premium=93.87,paidOn=to_date('26-Mar-1999','DD-MON-YYYY'),status='OK'
 where id=544470;
insert into Party values (127792,'Oceanic Consulting Inc','Angela','Kim','Smith St','Bellbowrie','QLD','4070','95364379');
insert into Claimant values (127792);
insert into Claim values(123965, 544470, 127792, to_date('6-Mar-2000','DD-MON-YYYY'), to_date('6-Mar-2000','DD-MON-YYYY'), 2956.48, 'A');
insert into ClaimAction values(123965, 124456, 'OP', to_date('6-Mar-2000','DD-MON-YYYY'), 2956.48, null);
insert into ClaimAction values(123965, 124456, 'PO', to_date('9-Mar-2000','DD-MON-YYYY'), 1090.77, 127792);
insert into ClaimAction values(123965, 124456, 'PO', to_date('12-Mar-2000','DD-MON-YYYY'), 2056.98, 127792);
insert into ClaimAction values(123965, 124456, 'CL', to_date('12-Mar-2000','DD-MON-YYYY'), 0.00, null);
update Claim set reserve=-191.26, status='Z' where id=123965;
insert into Party values (127870,'Murdoch Data Corp','Fei','Tsang','Hume Rd','Rosanna','VIC','3084','93343810');
insert into Claimant values (127870);
insert into Claim values(123999, 544470, 127870, to_date('9-Mar-2000','DD-MON-YYYY'), to_date('9-Mar-2000','DD-MON-YYYY'), 15211.73, 'A');
insert into ClaimAction values(123999, 124929, 'OP', to_date('9-Mar-2000','DD-MON-YYYY'), 15211.73, null);
insert into ClaimAction values(123999, 124929, 'PO', to_date('14-Mar-2000','DD-MON-YYYY'), 7907.21, 127870);
insert into Party values (127884,null,'Zhen','Navathe','Station Rd','Donnybrook','VIC','3064','95846862');
insert into ClaimAction values(123999, 124162, 'PO', to_date('19-Mar-2000','DD-MON-YYYY'), 4127.74, 127884);
insert into Party values (127946,null,'George','Davis','Myrtle St','West Chatswood','NSW','2067','94739684');
insert into ClaimAction values(123999, 126882, 'PI', to_date('20-Mar-2000','DD-MON-YYYY'), 1254.70, 127946);
insert into Party values (128049,null,'Kei','Le','Royal Pde','Wattle Glen','VIC','3096','99403685');
insert into ClaimAction values(123999, 124929, 'PO', to_date('24-Mar-2000','DD-MON-YYYY'), 2097.05, 128049);
insert into Party values (128152,null,'Siu','Truong','Oak St','Boondall Heights','QLD','4034','98763121');
insert into ClaimAction values(123999, 124162, 'PO', to_date('29-Mar-2000','DD-MON-YYYY'), 2327.08, 128152);
insert into ClaimAction values(123999, 124929, 'CL', to_date('29-Mar-2000','DD-MON-YYYY'), 0.00, null);
update Claim set reserve=7.35, status='Z' where id=123999;
insert into Party values (128161,null,'Stephen','Fung','Station Rd','Eatons Hill','QLD','4037','99387206');
insert into Client values (128161);
insert into Policy values (544578,to_date('25-Jan-1999','DD-MON-YYYY'),null,null,null,null,'DR');
insert into Holds values (128161,544578);
insert into CoveredItem values(124573,'Datsun','Bluebird',1997,'MQY916',16500);
insert into Coverage values (765788,'Accidental Damage',2781.56);
insert into Coverage values (765792,'Third Party',2799.18);
update Policy set status='RA' where id=544578;
insert into Covers values (124573,544578,765788);
insert into Covers values (124573,544578,765792);
insert into RatingAction values(765788, 123978, 'A', to_date('28-Jan-1999','DD-MON-YYYY'), 84.37);
insert into RatingAction values(765792, 126560, 'A', to_date('27-Jan-1999','DD-MON-YYYY'), 97.12);
update Policy set status='UW' where id=544578;
insert into UnderWritingAction values(544578, 126412, 'A', to_date('2-Feb-1999','DD-MON-YYYY'));
update Policy set validFrom=to_date('9-Feb-1999','DD-MON-YYYY'),validUntil=to_date('9-Feb-2000','DD-MON-YYYY'),premium=181.48,paidOn=to_date('7-Feb-1999','DD-MON-YYYY'),status='OK'
 where id=544578;
insert into Party values (128212,null,'Christopher','Leung','Albert Rd','Tottenham','VIC','3012','90091857');
insert into Client values (128212);
insert into Party values (128317,null,'Angela','Robinson','Victoria Rd','Lutwyche','QLD','4030','95175780');
insert into Client values (128317);
insert into Policy values (544585,to_date('9-Mar-1999','DD-MON-YYYY'),null,null,null,null,'DR');
insert into Holds values (128212,544585);
insert into Holds values (128317,544585);
insert into CoveredItem values(124647,'Ford','Futura',1988,'WBI138',5000);
insert into Coverage values (765803,'Third Party',335.02);
insert into Coverage values (765821,'Third Party Property',2366.13);
update Policy set status='RA' where id=544585;
insert into Covers values (124647,544585,765803);
insert into Covers values (124647,544585,765821);
insert into Policy values (544632,to_date('23-Mar-1999','DD-MON-YYYY'),null,null,null,null,'DR');
insert into Holds values (127270,544632);
insert into CoveredItem values(124740,'Mitsubishi','Magna',1985,'RGN344',5000);
insert into Coverage values (765837,'Third Party Property',4963.39);
insert into Coverage values (765854,'Accidental Damage',4560.73);
update Policy set status='RA' where id=544632;
insert into Covers values (124740,544632,765837);
insert into Covers values (124740,544632,765854);
insert into RatingAction values(765837, 127567, 'A', to_date('25-Mar-1999','DD-MON-YYYY'), 73.27);
insert into RatingAction values(765854, 125436, 'A', to_date('24-Mar-1999','DD-MON-YYYY'), 96.06);
update Policy set status='UW' where id=544632;
insert into UnderWritingAction values(544632, 125183, 'A', to_date('30-Mar-1999','DD-MON-YYYY'));
update Policy set validFrom=to_date('5-Apr-1999','DD-MON-YYYY'),validUntil=to_date('4-Apr-2000','DD-MON-YYYY'),premium=169.33,paidOn=to_date('4-Apr-1999','DD-MON-YYYY'),status='OK'
 where id=544632;
insert into Party values (128391,null,'Kumar','Robinson','Smith St','Bellbowrie','QLD','4070','94370727');
insert into Client values (128391);
insert into Policy values (544741,to_date('9-Jan-1999','DD-MON-YYYY'),null,null,null,null,'DR');
insert into Holds values (128391,544741);
insert into CoveredItem values(124785,'Subaru','Impreza',1988,'HQU758',5000);
insert into Coverage values (765861,'Accidental Damage',4765.17);
update Policy set status='RA' where id=544741;
insert into Covers values (124785,544741,765861);
insert into RatingAction values(765861, 125436, 'A', to_date('11-Jan-1999','DD-MON-YYYY'), 92.44);
update Policy set status='UW' where id=544741;
insert into UnderWritingAction values(544741, 123774, 'A', to_date('14-Jan-1999','DD-MON-YYYY'));
update Policy set validFrom=to_date('17-Jan-1999','DD-MON-YYYY'),validUntil=to_date('17-Jan-2000','DD-MON-YYYY'),premium=92.44,paidOn=to_date('15-Jan-1999','DD-MON-YYYY'),status='OK'
 where id=544741;
insert into Party values (128497,null,'Elizabeth','Strachan','Acacia St','Keilor Downs','VIC','3038','93641967');
insert into Client values (128497);
insert into Policy values (544816,to_date('22-Jan-1999','DD-MON-YYYY'),null,null,null,null,'DR');
insert into Holds values (128497,544816);
insert into CoveredItem values(124806,'Ford','Fairlane',1990,'ZDN892',6000);
insert into Coverage values (765880,'Accidental Damage',4831.13);
insert into Coverage values (765887,'Accidental Damage',5377.64);
update Policy set status='RA' where id=544816;
insert into Covers values (124806,544816,765880);
insert into Covers values (124806,544816,765887);
insert into RatingAction values(765880, 127567, 'A', to_date('27-Jan-1999','DD-MON-YYYY'), 89.34);
insert into RatingAction values(765887, 125155, 'A', to_date('26-Jan-1999','DD-MON-YYYY'), 96.34);
update Policy set status='UW' where id=544816;
insert into UnderWritingAction values(544816, 124028, 'A', to_date('3-Feb-1999','DD-MON-YYYY'));
update Policy set validFrom=to_date('11-Feb-1999','DD-MON-YYYY'),validUntil=to_date('11-Feb-2000','DD-MON-YYYY'),premium=185.68,paidOn=to_date('9-Feb-1999','DD-MON-YYYY'),status='OK'
 where id=544816;
insert into Party values (128528,null,'Duy','Peng','New St','Tottenham','VIC','3012','92959899');
insert into Claimant values (128528);
insert into Claim values(124053, 544816, 128528, to_date('29-Nov-1999','DD-MON-YYYY'), to_date('29-Nov-1999','DD-MON-YYYY'), 2773.38, 'A');
insert into ClaimAction values(124053, 125855, 'OP', to_date('29-Nov-1999','DD-MON-YYYY'), 2773.38, null);
insert into Party values (128625,'Brambles Shipping Ltd','Hoi','Ko','Commercial St','Tottenham','VIC','3012','90429077');
insert into ClaimAction values(124053, 125855, 'PO', to_date('30-Nov-1999','DD-MON-YYYY'), 3507.45, 128625);
update Claim set reserve=-734.07, status='A' where id=124053;
insert into Claimant values (127571);
insert into Claim values(124152, 544816, 127571, to_date('7-Jul-1999','DD-MON-YYYY'), to_date('7-Jul-1999','DD-MON-YYYY'), 10219.36, 'A');
insert into ClaimAction values(124152, 124456, 'OP', to_date('7-Jul-1999','DD-MON-YYYY'), 10219.36, null);
insert into ClaimAction values(124152, 124456, 'PO', to_date('10-Jul-1999','DD-MON-YYYY'), 8026.12, 127571);
insert into Party values (128694,'Macdonalds Finance Inc','Jonathan','Tanaka','Hume Rd','Glenroy','VIC','3046','96907958');
insert into ClaimAction values(124152, 124456, 'PO', to_date('15-Jul-1999','DD-MON-YYYY'), 1341.15, 128694);
insert into ClaimAction values(124152, 126882, 'PO', to_date('18-Jul-1999','DD-MON-YYYY'), 1743.68, 127571);
update Claim set reserve=-891.59, status='A' where id=124152;
insert into Party values (128787,null,'Yun','Teoh','Waratah St','Kensington','NSW','2033','97636717');
insert into Claimant values (128787);
insert into Claim values(124155, 544816, 128787, to_date('22-Jun-1999','DD-MON-YYYY'), to_date('22-Jun-1999','DD-MON-YYYY'), 19839.72, 'A');
insert into ClaimAction values(124155, 124456, 'OP', to_date('22-Jun-1999','DD-MON-YYYY'), 19839.72, null);
insert into Party values (128841,null,'Ronald','Ullman','High St','Clontarf','QLD','4019','97204283');
insert into ClaimAction values(124155, 124456, 'PO', to_date('25-Jun-1999','DD-MON-YYYY'), 10317.43, 128841);
insert into ClaimAction values(124155, 124456, 'PO', to_date('27-Jun-1999','DD-MON-YYYY'), 3005.41, 128787);
insert into ClaimAction values(124155, 124456, 'PO', to_date('29-Jun-1999','DD-MON-YYYY'), 1404.92, 128787);
insert into Party values (128867,null,'Kenneth','James','Elizabeth St','Waverton','NSW','2060','92694091');
insert into Employee values (913356, 128867, 'Claim Processor', 73900);
insert into Party values (128971,null,'Cheung','Elmasri','Queens Rd','Jolimont','VIC','3002','92550353');
insert into ClaimAction values(124155, 128867, 'PO', to_date('4-Jul-1999','DD-MON-YYYY'), 5630.69, 128971);
insert into ClaimAction values(124155, 124456, 'CL', to_date('4-Jul-1999','DD-MON-YYYY'), 0.00, null);
update Claim set reserve=-518.73, status='Z' where id=124155;
insert into Party values (129009,null,'Lawrence','Chiu','Hume Rd','Meadow Heights','VIC','3048','99997557');
insert into Client values (129009);
insert into Policy values (544926,to_date('5-Feb-1999','DD-MON-YYYY'),null,null,null,null,'DR');
insert into Holds values (129009,544926);
insert into CoveredItem values(124898,'Ford','Falcon',1987,'JXB279',5000);
insert into Coverage values (765893,'Third Party Property',5467.61);
update Policy set status='RA' where id=544926;
insert into Covers values (124898,544926,765893);
insert into RatingAction values(765893, 123676, 'A', to_date('9-Feb-1999','DD-MON-YYYY'), 54.47);
update Policy set status='UW' where id=544926;
insert into UnderWritingAction values(544926, 123774, 'A', to_date('15-Feb-1999','DD-MON-YYYY'));
update Policy set validFrom=to_date('20-Feb-1999','DD-MON-YYYY'),validUntil=to_date('20-Feb-2000','DD-MON-YYYY'),premium=54.47,paidOn=to_date('19-Feb-1999','DD-MON-YYYY'),status='OK'
 where id=544926;
insert into Party values (129055,null,'Lee','Edwards','Philip St','Killara','NSW','2071','98354491');
insert into Client values (129055);
insert into Policy values (544990,to_date('16-Feb-1999','DD-MON-YYYY'),null,null,null,null,'DR');
insert into Holds values (129055,544990);
insert into CoveredItem values(124977,'Nissan','Pulsar',1997,'LZG530',16500);
insert into Coverage values (765909,'Fire',5180.25);
update Policy set status='RA' where id=544990;
insert into Covers values (124977,544990,765909);
insert into Employee values (913392, 125672, 'Rater', 69300);
insert into RatingAction values(765909, 125672, 'A', to_date('17-Feb-1999','DD-MON-YYYY'), 54.95);
update Policy set status='UW' where id=544990;
insert into UnderWritingAction values(544990, 125197, 'A', to_date('22-Feb-1999','DD-MON-YYYY'));
update Policy set validFrom=to_date('24-Feb-1999','DD-MON-YYYY'),validUntil=to_date('24-Feb-2000','DD-MON-YYYY'),premium=54.95,paidOn=to_date('23-Feb-1999','DD-MON-YYYY'),status='OK'
 where id=544990;
insert into Party values (129087,null,'Chin','Jones','Commercial Rd','Lutwyche','QLD','4030','93945617');
insert into Client values (129087);
insert into Policy values (545034,to_date('6-Feb-1999','DD-MON-YYYY'),null,null,null,null,'DR');
insert into Holds values (129087,545034);
insert into CoveredItem values(125082,'Honda','Civic',1997,'ATL667',16500);
insert into Coverage values (765918,'Fire',2163.21);
update Policy set status='RA' where id=545034;
insert into Covers values (125082,545034,765918);
insert into RatingAction values(765918, 123978, 'A', to_date('9-Feb-1999','DD-MON-YYYY'), 62.21);
update Policy set status='UW' where id=545034;
insert into UnderWritingAction values(545034, 123774, 'A', to_date('12-Feb-1999','DD-MON-YYYY'));
update Policy set validFrom=to_date('19-Feb-1999','DD-MON-YYYY'),validUntil=to_date('19-Feb-2000','DD-MON-YYYY'),premium=62.21,paidOn=to_date('18-Feb-1999','DD-MON-YYYY'),status='OK'
 where id=545034;
insert into Party values (129177,null,'Thanh','Yeo','Kings Rd','Eatons Hill','QLD','4037','91876525');
insert into Client values (129177);
insert into Policy values (545090,to_date('13-Feb-1999','DD-MON-YYYY'),null,null,null,null,'DR');
insert into Holds values (129177,545090);
insert into CoveredItem values(125138,'Datsun','120Y',1989,'GKD401',5000);
insert into Coverage values (765928,'Fire',276.11);
insert into Coverage values (765935,'Third Party Property',1545.03);
update Policy set status='RA' where id=545090;
insert into Covers values (125138,545090,765928);
insert into Covers values (125138,545090,765935);
insert into Party values (129281,null,'Yan','Brown','Albert Rd','Princes Hill','VIC','3054','93763732');
insert into Employee values (913466, 129281, 'Rater', 64100);
insert into RatingAction values(765928, 129281, 'A', to_date('18-Feb-1999','DD-MON-YYYY'), 94.80);
insert into RatingAction values(765935, 126560, 'A', to_date('14-Feb-1999','DD-MON-YYYY'), 87.21);
update Policy set status='UW' where id=545090;
insert into UnderWritingAction values(545090, 126412, 'A', to_date('25-Feb-1999','DD-MON-YYYY'));
update Policy set validFrom=to_date('5-Mar-1999','DD-MON-YYYY'),validUntil=to_date('4-Mar-2000','DD-MON-YYYY'),premium=182.02,paidOn=to_date('4-Mar-1999','DD-MON-YYYY'),status='OK'
 where id=545090;
insert into Party values (129363,null,'Zhi','Smith','Oxford Ln','Tottenham','VIC','3012','98033446');
insert into Client values (129363);
insert into Policy values (545128,to_date('3-Mar-1999','DD-MON-YYYY'),null,null,null,null,'DR');
insert into Holds values (129363,545128);
insert into CoveredItem values(125243,'Ford','Festiva',1992,'DUE992',9000);
insert into Coverage values (765939,'Fire',3785.78);
insert into Coverage values (765944,'Fire',626.40);
update Policy set status='RA' where id=545128;
insert into Covers values (125243,545128,765939);
insert into Covers values (125243,545128,765944);
insert into RatingAction values(765939, 123978, 'A', to_date('6-Mar-1999','DD-MON-YYYY'), 75.68);
insert into Party values (129455,null,'Tao','Lo','George St','Merri','VIC','3068','99139098');
insert into Employee values (913541, 129455, 'Rater', 66300);
insert into RatingAction values(765944, 129455, 'A', to_date('4-Mar-1999','DD-MON-YYYY'), 63.12);
update Policy set status='UW' where id=545128;
insert into UnderWritingAction values(545128, 127618, 'A', to_date('12-Mar-1999','DD-MON-YYYY'));
update Policy set validFrom=to_date('14-Mar-1999','DD-MON-YYYY'),validUntil=to_date('13-Mar-2000','DD-MON-YYYY'),premium=138.80,paidOn=to_date('13-Mar-1999','DD-MON-YYYY'),status='OK'
 where id=545128;
insert into Party values (129500,'Murdoch Data Co','Yun','Yao','Banksia Cres','Ben Buckler','NSW','2026','96390380');
insert into Claimant values (129500);
insert into Claim values(124206, 545128, 129500, to_date('9-Mar-2000','DD-MON-YYYY'), to_date('9-Mar-2000','DD-MON-YYYY'), 19740.84, 'A');
insert into ClaimAction values(124206, 124162, 'OP', to_date('9-Mar-2000','DD-MON-YYYY'), 19740.84, null);
insert into Party values (129511,null,'David','Park','George St','Normanhurst','NSW','2076','98016661');
insert into Employee values (913613, 129511, 'Claim Processor', 74000);
insert into ClaimAction values(124206, 129511, 'PO', to_date('11-Mar-2000','DD-MON-YYYY'), 18493.73, 129500);
insert into ClaimAction values(124206, 124929, 'PO', to_date('14-Mar-2000','DD-MON-YYYY'), 1934.50, 129500);
insert into ClaimAction values(124206, 124162, 'CL', to_date('14-Mar-2000','DD-MON-YYYY'), 0.00, null);
update Claim set reserve=-687.38, status='Z' where id=124206;
insert into Party values (129537,null,'Hon','Lee','Royal Pde','St Leonards','NSW','2065','98224486');
insert into Claimant values (129537);
insert into Claim values(124243, 545128, 129537, to_date('25-Aug-1999','DD-MON-YYYY'), to_date('25-Aug-1999','DD-MON-YYYY'), 1807.50, 'A');
insert into ClaimAction values(124243, 129511, 'OP', to_date('25-Aug-1999','DD-MON-YYYY'), 1807.50, null);
insert into Party values (129577,null,'Laura','Davis','Commercial Rd','Cowan','NSW','2081','94117431');
insert into ClaimAction values(124243, 129511, 'PO', to_date('26-Aug-1999','DD-MON-YYYY'), 2207.41, 129577);
insert into ClaimAction values(124243, 129511, 'CL', to_date('26-Aug-1999','DD-MON-YYYY'), 0.00, null);
update Claim set reserve=-399.91, status='Z' where id=124243;
insert into Party values (129587,null,'Hei','Ma','Queen St','Wattle Glen','VIC','3096','94353942');
insert into Claimant values (129587);
insert into Claim values(124290, 545128, 129587, to_date('27-May-1999','DD-MON-YYYY'), to_date('27-May-1999','DD-MON-YYYY'), 8197.88, 'A');
insert into ClaimAction values(124290, 124929, 'OP', to_date('27-May-1999','DD-MON-YYYY'), 8197.88, null);
insert into ClaimAction values(124290, 125855, 'PO', to_date('31-May-1999','DD-MON-YYYY'), 1593.93, 129587);
insert into Party values (129678,null,'Julian','Ko','Main St','West Chatswood','NSW','2067','91499633');
insert into ClaimAction values(124290, 124929, 'PO', to_date('2-Jun-1999','DD-MON-YYYY'), 6614.81, 129678);
update Claim set reserve=-10.86, status='A' where id=124290;
insert into Party values (129763,null,'Luke','Peng','Park St','Taringa','QLD','4068','94392394');
insert into Client values (129763);
insert into Policy values (545212,to_date('19-Feb-1999','DD-MON-YYYY'),null,null,null,null,'DR');
insert into Holds values (129763,545212);
insert into CoveredItem values(125318,'Datsun','120Y',1999,'LUI332',19500);
insert into Coverage values (765952,'Third Party',3823.72);
update Policy set status='RA' where id=545212;
insert into Covers values (125318,545212,765952);
insert into Party values (129876,null,'Ka','Leung','Park St','Chartwell','VIC','3030','97242736');
insert into Client values (129876);
insert into Policy values (545266,to_date('27-Feb-1999','DD-MON-YYYY'),null,null,null,null,'DR');
insert into Holds values (129876,545266);
insert into CoveredItem values(125394,'Ford','Falcon',1982,'OYQ685',2000);
insert into Coverage values (765963,'Third Party Property',4602.52);
update Policy set status='RA' where id=545266;
insert into Covers values (125394,545266,765963);
insert into RatingAction values(765963, 126560, 'D', to_date('28-Feb-1999','DD-MON-YYYY'), 0.00);
insert into RatingAction values(765963, 127567, 'D', to_date('5-Mar-1999','DD-MON-YYYY'), 0.00);
insert into RatingAction values(765963, 125155, 'A', to_date('9-Mar-1999','DD-MON-YYYY'), 98.27);
update Policy set status='UW' where id=545266;
insert into UnderWritingAction values(545266, 125183, 'A', to_date('13-Mar-1999','DD-MON-YYYY'));
update Policy set validFrom=to_date('19-Mar-1999','DD-MON-YYYY'),validUntil=to_date('18-Mar-2000','DD-MON-YYYY'),premium=98.27,paidOn=to_date('18-Mar-1999','DD-MON-YYYY'),status='CA'
 where id=545266;
insert into Party values (129913,null,'Mark','Saad','Albert Rd','Normanhurst','NSW','2076','96966857');
insert into Client values (129913);
insert into Policy values (545326,to_date('13-Feb-1999','DD-MON-YYYY'),null,null,null,null,'DR');
insert into Holds values (129913,545326);
insert into CoveredItem values(125408,'Ford','Futura',1988,'TZL829',5000);
insert into Coverage values (765976,'Accidental Damage',3206.38);
update Policy set status='RA' where id=545326;
insert into Covers values (125408,545326,765976);
insert into RatingAction values(765976, 123978, 'A', to_date('16-Feb-1999','DD-MON-YYYY'), 75.59);
update Policy set status='UW' where id=545326;
insert into UnderWritingAction values(545326, 123774, 'A', to_date('19-Feb-1999','DD-MON-YYYY'));
update Policy set validFrom=to_date('21-Feb-1999','DD-MON-YYYY'),validUntil=to_date('21-Feb-2000','DD-MON-YYYY'),premium=75.59,paidOn=to_date('20-Feb-1999','DD-MON-YYYY'),status='OK'
 where id=545326;
insert into Party values (129941,null,'Ali','Ng','Main St','Merri','VIC','3068','91044616');
insert into Client values (129941);
insert into Policy values (545440,to_date('10-Mar-1999','DD-MON-YYYY'),null,null,null,null,'DR');
insert into Holds values (129941,545440);
insert into CoveredItem values(125517,'Toyota','Corolla',1983,'ZNE933',2000);
insert into Coverage values (765989,'Fire',1007.08);
update Policy set status='RA' where id=545440;
insert into Covers values (125517,545440,765989);
insert into RatingAction values(765989, 127386, 'A', to_date('13-Mar-1999','DD-MON-YYYY'), 71.52);
update Policy set status='UW' where id=545440;
insert into Party values (129975,null,'Kei','Tsang','Hume St','Glenroy','VIC','3046','99472655');
insert into Client values (129975);
insert into Policy values (545486,to_date('25-Feb-1999','DD-MON-YYYY'),null,null,null,null,'DR');
insert into Holds values (129975,545486);
insert into CoveredItem values(125565,'Nissan','Pulsar',1988,'WZW244',5000);
insert into Coverage values (766008,'Third Party',1540.83);
update Policy set status='RA' where id=545486;
insert into Covers values (125565,545486,766008);
insert into RatingAction values(766008, 127386, 'A', to_date('2-Mar-1999','DD-MON-YYYY'), 85.22);
update Policy set status='UW' where id=545486;
insert into UnderWritingAction values(545486, 127618, 'A', to_date('3-Mar-1999','DD-MON-YYYY'));
update Policy set validFrom=to_date('5-Mar-1999','DD-MON-YYYY'),validUntil=to_date('4-Mar-2000','DD-MON-YYYY'),premium=85.22,paidOn=to_date('4-Mar-1999','DD-MON-YYYY'),status='OK'
 where id=545486;
insert into Party values (130081,null,'Wei','Sun','Wattle St','Keilor Downs','VIC','3038','99862669');
insert into Claimant values (130081);
insert into Claim values(124346, 545486, 130081, to_date('11-Mar-2000','DD-MON-YYYY'), to_date('11-Mar-2000','DD-MON-YYYY'), 11729.98, 'A');
insert into ClaimAction values(124346, 124264, 'OP', to_date('11-Mar-2000','DD-MON-YYYY'), 11729.98, null);
insert into ClaimAction values(124346, 124264, 'PO', to_date('16-Mar-2000','DD-MON-YYYY'), 7216.16, 130081);
insert into Party values (130160,null,'David','Ong','Lygon St','Pinkenba','QLD','4008','95251159');
insert into ClaimAction values(124346, 124264, 'PO', to_date('21-Mar-2000','DD-MON-YYYY'), 5170.68, 130160);
insert into ClaimAction values(124346, 124264, 'CL', to_date('21-Mar-2000','DD-MON-YYYY'), 0.00, null);
update Claim set reserve=-656.86, status='Z' where id=124346;
insert into Party values (130248,null,'Cheuk','James','Commercial Rd','Rosanna','VIC','3084','92819518');
insert into Client values (130248);
insert into Policy values (545531,to_date('4-Jan-1999','DD-MON-YYYY'),null,null,null,null,'DR');
insert into Holds values (130248,545531);
insert into CoveredItem values(125617,'Ford','Fairlane',1985,'VRU409',5000);
insert into Coverage values (766012,'Fire',3201.00);
update Policy set status='RA' where id=545531;
insert into Covers values (125617,545531,766012);
insert into RatingAction values(766012, 129455, 'A', to_date('7-Jan-1999','DD-MON-YYYY'), 77.08);
update Policy set status='UW' where id=545531;
insert into UnderWritingAction values(545531, 124028, 'A', to_date('8-Jan-1999','DD-MON-YYYY'));
update Policy set validFrom=to_date('12-Jan-1999','DD-MON-YYYY'),validUntil=to_date('12-Jan-2000','DD-MON-YYYY'),premium=77.08,paidOn=to_date('11-Jan-1999','DD-MON-YYYY'),status='OK'
 where id=545531;
insert into Party values (130339,null,'Soon','Singh','Banksia Cres','Rainworth','QLD','4065','96910094');
insert into Client values (130339);
insert into Policy values (545615,to_date('3-Feb-1999','DD-MON-YYYY'),null,null,null,null,'DR');
insert into Holds values (130339,545615);
insert into CoveredItem values(125642,'Toyota','Corolla',1995,'CMG325',13500);
insert into Coverage values (766015,'Accidental Damage',4649.86);
update Policy set status='RA' where id=545615;
insert into Covers values (125642,545615,766015);
insert into RatingAction values(766015, 123978, 'A', to_date('8-Feb-1999','DD-MON-YYYY'), 59.09);
update Policy set status='UW' where id=545615;
insert into UnderWritingAction values(545615, 126412, 'A', to_date('14-Feb-1999','DD-MON-YYYY'));
update Policy set validFrom=to_date('17-Feb-1999','DD-MON-YYYY'),validUntil=to_date('17-Feb-2000','DD-MON-YYYY'),premium=59.09,paidOn=to_date('16-Feb-1999','DD-MON-YYYY'),status='OK'
 where id=545615;
insert into Party values (130431,null,'Ho','Jones','Banksia Cres','Rosanna','VIC','3084','93810424');
insert into Client values (130431);
insert into Policy values (545720,to_date('16-Jan-1999','DD-MON-YYYY'),null,null,null,null,'DR');
insert into Holds values (130431,545720);
insert into CoveredItem values(125745,'Subaru','Impreza',1999,'YBY339',19500);
insert into Coverage values (766034,'Third Party Property',5398.28);
update Policy set status='RA' where id=545720;
insert into Covers values (125745,545720,766034);
insert into RatingAction values(766034, 126560, 'A', to_date('20-Jan-1999','DD-MON-YYYY'), 90.58);
update Policy set status='UW' where id=545720;
insert into UnderWritingAction values(545720, 126412, 'A', to_date('23-Jan-1999','DD-MON-YYYY'));
update Policy set validFrom=to_date('29-Jan-1999','DD-MON-YYYY'),validUntil=to_date('29-Jan-2000','DD-MON-YYYY'),premium=90.58,paidOn=to_date('27-Jan-1999','DD-MON-YYYY'),status='OK'
 where id=545720;
insert into Party values (130522,null,'Wang','Au','Banksia Cres','Taringa','QLD','4068','94087524');
insert into Client values (130522);
insert into Policy values (545794,to_date('3-Mar-1999','DD-MON-YYYY'),null,null,null,null,'DR');
insert into Holds values (130522,545794);
insert into Party values (130554,null,'Thanh','Choi','Main Rd','Newlands Estate','VIC','3058','93925780');
insert into Client values (130554);
insert into Policy values (545904,to_date('22-Feb-1999','DD-MON-YYYY'),null,null,null,null,'DR');
insert into Holds values (130554,545904);
insert into CoveredItem values(125788,'Holden','Barina',1986,'KWR143',5000);
insert into Coverage values (766039,'Third Party',749.44);
update Policy set status='RA' where id=545904;
insert into Covers values (125788,545904,766039);
insert into RatingAction values(766039, 127567, 'A', to_date('26-Feb-1999','DD-MON-YYYY'), 79.67);
update Policy set status='UW' where id=545904;
insert into UnderWritingAction values(545904, 126412, 'A', to_date('4-Mar-1999','DD-MON-YYYY'));
update Policy set validFrom=to_date('11-Mar-1999','DD-MON-YYYY'),validUntil=to_date('10-Mar-2000','DD-MON-YYYY'),premium=79.67,paidOn=to_date('9-Mar-1999','DD-MON-YYYY'),status='OK'
 where id=545904;
insert into Party values (130653,null,'Lawrence','Saad','Queen St','Bunya','QLD','4055','98390807');
insert into Client values (130653);
insert into Policy values (545994,to_date('7-Mar-1999','DD-MON-YYYY'),null,null,null,null,'DR');
insert into Holds values (130653,545994);
insert into CoveredItem values(125815,'Ford','Falcon',1999,'IVJ420',19500);
insert into Coverage values (766044,'Third Party Property',624.56);
update Policy set status='RA' where id=545994;
insert into Covers values (125815,545994,766044);
insert into RatingAction values(766044, 125436, 'A', to_date('10-Mar-1999','DD-MON-YYYY'), 59.11);
update Policy set status='UW' where id=545994;
insert into UnderWritingAction values(545994, 127618, 'A', to_date('15-Mar-1999','DD-MON-YYYY'));
update Policy set validFrom=to_date('23-Mar-1999','DD-MON-YYYY'),validUntil=to_date('22-Mar-2000','DD-MON-YYYY'),premium=59.11,paidOn=to_date('21-Mar-1999','DD-MON-YYYY'),status='OK'
 where id=545994;
insert into Party values (130746,null,'Kwok','James','Hume Rd','St Leonards','NSW','2065','97563170');
insert into Claimant values (130746);
insert into Claim values(124401, 545994, 130746, to_date('18-Jul-1999','DD-MON-YYYY'), to_date('18-Jul-1999','DD-MON-YYYY'), 18732.85, 'A');
insert into ClaimAction values(124401, 124929, 'OP', to_date('18-Jul-1999','DD-MON-YYYY'), 18732.85, null);
insert into Party values (130784,null,'Ho','Zheng','Queens Rd','Gilberton','VIC','3072','97392272');
insert into ClaimAction values(124401, 124456, 'PO', to_date('20-Jul-1999','DD-MON-YYYY'), 14626.02, 130784);
insert into Party values (130896,null,'John','Murphy','Philip St','Princes Hill','VIC','3054','95123900');
insert into ClaimAction values(124401, 124929, 'PO', to_date('24-Jul-1999','DD-MON-YYYY'), 2744.22, 130896);
insert into ClaimAction values(124401, 124929, 'PO', to_date('25-Jul-1999','DD-MON-YYYY'), 1621.75, 130746);
update Claim set reserve=-259.15, status='A' where id=124401;
insert into Party values (130930,null,'Ngoc','Date','Commercial St','Keilor Downs','VIC','3038','93502196');
insert into Claimant values (130930);
insert into Claim values(124457, 545994, 130930, to_date('19-Sep-1999','DD-MON-YYYY'), to_date('19-Sep-1999','DD-MON-YYYY'), 8911.07, 'A');
insert into ClaimAction values(124457, 124264, 'OP', to_date('19-Sep-1999','DD-MON-YYYY'), 8911.07, null);
insert into Party values (131034,null,'Huy','Fung','Philip St','Kensington','NSW','2033','91692809');
insert into Employee values (913721, 131034, 'Claim Processor', 66800);
insert into ClaimAction values(124457, 131034, 'PO', to_date('22-Sep-1999','DD-MON-YYYY'), 2465.24, 130930);
insert into Party values (131144,null,'Ho','Zhao','Kings Rd','Wattle Glen','VIC','3096','90616760');
insert into ClaimAction values(124457, 124264, 'PO', to_date('23-Sep-1999','DD-MON-YYYY'), 5441.35, 131144);
insert into Party values (131204,null,'Jane','Cheung','Main St','Northgate','QLD','4013','97453917');
insert into ClaimAction values(124457, 124929, 'PO', to_date('24-Sep-1999','DD-MON-YYYY'), 1635.47, 131204);
update Claim set reserve=-630.98, status='A' where id=124457;
insert into Party values (131307,null,'Yeung','Liu','Oak St','Cremorne','NSW','2090','90331726');
insert into Client values (131307);
insert into Policy values (546004,to_date('17-Jan-1999','DD-MON-YYYY'),null,null,null,null,'DR');
insert into Holds values (131307,546004);
insert into CoveredItem values(125876,'Nissan','Pulsar',1982,'ENJ076',2000);
insert into Coverage values (766050,'Third Party Property',2420.68);
update Policy set status='RA' where id=546004;
insert into Covers values (125876,546004,766050);
insert into RatingAction values(766050, 127567, 'A', to_date('21-Jan-1999','DD-MON-YYYY'), 77.64);
update Policy set status='UW' where id=546004;
insert into Party values (131421,null,'Chung','Isaacson','Waratah St','Waverton','NSW','2060','96789244');
insert into Employee values (913726, 131421, 'Underwriter', 89900);
insert into UnderWritingAction values(546004, 131421, 'A', to_date('25-Jan-1999','DD-MON-YYYY'));
update Policy set validFrom=to_date('29-Jan-1999','DD-MON-YYYY'),validUntil=to_date('29-Jan-2000','DD-MON-YYYY'),premium=77.64,paidOn=to_date('27-Jan-1999','DD-MON-YYYY'),status='OK'
 where id=546004;
insert into Party values (131461,null,'Jennifer','Goh','Queens Rd','Boondall Heights','QLD','4034','91679687');
insert into Claimant values (131461);
insert into Claim values(124474, 546004, 131461, to_date('20-Sep-1999','DD-MON-YYYY'), to_date('20-Sep-1999','DD-MON-YYYY'), 21330.20, 'A');
insert into ClaimAction values(124474, 125855, 'OP', to_date('20-Sep-1999','DD-MON-YYYY'), 21330.20, null);
insert into Party values (131574,null,'Victor','Macdonald','Oxford St','Donnybrook','VIC','3064','94680480');
insert into ClaimAction values(124474, 124264, 'PI', to_date('24-Sep-1999','DD-MON-YYYY'), 2745.48, 131574);
insert into ClaimAction values(124474, 125855, 'PO', to_date('28-Sep-1999','DD-MON-YYYY'), 18420.49, 131461);
insert into Party values (131589,'Leighton Data Services','Kin','Elmasri','Queens Rd','Jolimont','VIC','3002','94789733');
insert into ClaimAction values(124474, 125855, 'PO', to_date('29-Sep-1999','DD-MON-YYYY'), 4312.38, 131589);
insert into ClaimAction values(124474, 124929, 'PO', to_date('30-Sep-1999','DD-MON-YYYY'), 1257.60, 131461);
update Claim set reserve=85.22, status='A' where id=124474;
insert into Party values (131622,null,'Anthony','Adams','Oxford Ln','Bellbowrie','QLD','4070','94479369');
insert into Client values (131622);
insert into Policy values (546017,to_date('11-Mar-1999','DD-MON-YYYY'),null,null,null,null,'DR');
insert into Holds values (131622,546017);
insert into Party values (131641,null,'George','Elmasri','Oak St','Tottenham','VIC','3012','95947570');
insert into Client values (131641);
insert into Policy values (546031,to_date('27-Feb-1999','DD-MON-YYYY'),null,null,null,null,'DR');
insert into Holds values (131641,546031);
insert into CoveredItem values(125990,'Datsun','Bluebird',1998,'CBE669',18000);
insert into Coverage values (766055,'Third Party Property',276.61);
update Policy set status='RA' where id=546031;
insert into Covers values (125990,546031,766055);
insert into RatingAction values(766055, 125155, 'A', to_date('1-Mar-1999','DD-MON-YYYY'), 71.22);
update Policy set status='UW' where id=546031;
insert into UnderWritingAction values(546031, 123774, 'A', to_date('8-Mar-1999','DD-MON-YYYY'));
update Policy set validFrom=to_date('14-Mar-1999','DD-MON-YYYY'),validUntil=to_date('13-Mar-2000','DD-MON-YYYY'),premium=71.22,paidOn=to_date('12-Mar-1999','DD-MON-YYYY'),status='OK'
 where id=546031;
insert into Party values (131687,null,'Elizabeth','Hilfgott','Main Rd','Heidelberg Rgh','VIC','3081','97293395');
insert into Client values (131687);
insert into Policy values (546071,to_date('7-Jan-1999','DD-MON-YYYY'),null,null,null,null,'DR');
insert into Holds values (131687,546071);
insert into CoveredItem values(126026,'Nissan','Pulsar',1998,'LNP184',18000);
insert into Coverage values (766059,'Accidental Damage',4439.38);
update Policy set status='RA' where id=546071;
insert into Covers values (126026,546071,766059);
insert into RatingAction values(766059, 123676, 'A', to_date('10-Jan-1999','DD-MON-YYYY'), 67.45);
update Policy set status='UW' where id=546071;
insert into UnderWritingAction values(546071, 125197, 'A', to_date('16-Jan-1999','DD-MON-YYYY'));
update Policy set validFrom=to_date('19-Jan-1999','DD-MON-YYYY'),validUntil=to_date('19-Jan-2000','DD-MON-YYYY'),premium=67.45,paidOn=to_date('18-Jan-1999','DD-MON-YYYY'),status='OK'
 where id=546071;
insert into Party values (131758,null,'Lai','Murphy','Kings Rd','Ellen Grove','QLD','4077','95865477');
insert into Client values (131758);
insert into Policy values (546082,to_date('1-Mar-1999','DD-MON-YYYY'),null,null,null,null,'DR');
insert into Holds values (131758,546082);
insert into CoveredItem values(126137,'Honda','Civic',1989,'WWN242',5000);
insert into Coverage values (766078,'Accidental Damage',4886.18);
insert into Coverage values (766090,'Third Party Property',3189.93);
update Policy set status='RA' where id=546082;
insert into Covers values (126137,546082,766078);
insert into Covers values (126137,546082,766090);
insert into RatingAction values(766078, 125672, 'A', to_date('2-Mar-1999','DD-MON-YYYY'), 61.10);
insert into RatingAction values(766090, 125436, 'A', to_date('2-Mar-1999','DD-MON-YYYY'), 98.49);
update Policy set status='UW' where id=546082;
insert into Party values (131868,null,'Benjamin','Au','Commercial Rd','Fortitude Valley','QLD','4006','92154845');
insert into Employee values (913758, 131868, 'Underwriter', 86500);
insert into UnderWritingAction values(546082, 131868, 'A', to_date('5-Mar-1999','DD-MON-YYYY'));
update Policy set validFrom=to_date('7-Mar-1999','DD-MON-YYYY'),validUntil=to_date('6-Mar-2000','DD-MON-YYYY'),premium=159.59,paidOn=to_date('6-Mar-1999','DD-MON-YYYY'),status='OK'
 where id=546082;
insert into Party values (131911,null,'Alan','Singh','Station Rd','North Steyne','NSW','2095','92297363');
insert into Client values (131911);
insert into Policy values (546129,to_date('8-Mar-1999','DD-MON-YYYY'),null,null,null,null,'DR');
insert into Holds values (131911,546129);
insert into CoveredItem values(126218,'Datsun','Bluebird',1997,'QXY460',16500);
insert into Coverage values (766096,'Third Party Property',2469.70);
insert into Coverage values (766111,'Fire',4355.45);
update Policy set status='RA' where id=546129;
insert into Covers values (126218,546129,766096);
insert into Covers values (126218,546129,766111);
insert into RatingAction values(766096, 125436, 'A', to_date('12-Mar-1999','DD-MON-YYYY'), 63.68);
insert into Employee values (913814, 126174, 'Rater', 64900);
insert into RatingAction values(766111, 126174, 'A', to_date('9-Mar-1999','DD-MON-YYYY'), 82.26);
update Policy set status='UW' where id=546129;
insert into UnderWritingAction values(546129, 131868, 'A', to_date('16-Mar-1999','DD-MON-YYYY'));
update Policy set validFrom=to_date('21-Mar-1999','DD-MON-YYYY'),validUntil=to_date('20-Mar-2000','DD-MON-YYYY'),premium=145.94,paidOn=to_date('19-Mar-1999','DD-MON-YYYY'),status='OK'
 where id=546129;
insert into Party values (131949,null,'Fai','Choi','Mandible St','Glenroy','VIC','3046','93895873');
insert into Client values (131949);
insert into Policy values (546173,to_date('10-Mar-1999','DD-MON-YYYY'),null,null,null,null,'DR');
insert into Holds values (131949,546173);
insert into CoveredItem values(126289,'Honda','CRX',1993,'NNT902',10500);
insert into Coverage values (766129,'Third Party Property',4273.71);
update Policy set status='RA' where id=546173;
insert into Covers values (126289,546173,766129);
insert into RatingAction values(766129, 123676, 'A', to_date('14-Mar-1999','DD-MON-YYYY'), 62.43);
update Policy set status='UW' where id=546173;
insert into UnderWritingAction values(546173, 127618, 'A', to_date('16-Mar-1999','DD-MON-YYYY'));
update Policy set validFrom=to_date('24-Mar-1999','DD-MON-YYYY'),validUntil=to_date('23-Mar-2000','DD-MON-YYYY'),premium=62.43,paidOn=to_date('23-Mar-1999','DD-MON-YYYY'),status='OK'
 where id=546173;
insert into Party values (132041,'Macdonalds Wireless Supplies','Michael','Chung','Oak St','Ardeer','VIC','3022','95225524');
insert into Client values (132041);
insert into Policy values (546192,to_date('13-Mar-1999','DD-MON-YYYY'),null,null,null,null,'DR');
insert into Holds values (132041,546192);
insert into CoveredItem values(126369,'Ford','Futura',1990,'CSB533',6000);
insert into Coverage values (766148,'Third Party Property',472.99);
update Policy set status='RA' where id=546192;
insert into Covers values (126369,546192,766148);
insert into RatingAction values(766148, 127567, 'A', to_date('18-Mar-1999','DD-MON-YYYY'), 69.01);
update Policy set status='UW' where id=546192;
insert into UnderWritingAction values(546192, 127618, 'A', to_date('19-Mar-1999','DD-MON-YYYY'));
update Policy set validFrom=to_date('27-Mar-1999','DD-MON-YYYY'),validUntil=to_date('26-Mar-2000','DD-MON-YYYY'),premium=69.01,paidOn=to_date('25-Mar-1999','DD-MON-YYYY'),status='OK'
 where id=546192;
insert into Party values (132075,null,'Francis','Tanaka','Smith St','Ardeer','VIC','3022','90921325');
insert into Client values (132075);
insert into Party values (132083,null,'Mark','Chen','Main St','St Leonards','NSW','2065','98698729');
insert into Client values (132083);
insert into Party values (132116,null,'Min','Chung','Main St','Botany','NSW','2019','95305785');
insert into Client values (132116);
insert into Policy values (546222,to_date('3-Jan-1999','DD-MON-YYYY'),null,null,null,null,'DR');
insert into Holds values (132075,546222);
insert into Holds values (132083,546222);
insert into Holds values (132116,546222);
insert into CoveredItem values(126393,'Honda','Civic',1980,'GMO914',2000);
insert into Coverage values (766166,'Third Party Property',730.80);
insert into Coverage values (766171,'Accidental Damage',5406.68);
insert into Coverage values (766174,'Accidental Damage',335.36);
insert into Coverage values (766188,'Fire',2477.92);
update Policy set status='RA' where id=546222;
insert into Covers values (126393,546222,766166);
insert into Covers values (126393,546222,766171);
insert into Covers values (126393,546222,766174);
insert into Covers values (126393,546222,766188);
insert into Party values (132194,null,'Robert','Yeo','Gum Ln','Merri','VIC','3068','94812011');
insert into Employee values (913873, 132194, 'Rater', 68700);
insert into RatingAction values(766166, 132194, 'A', to_date('5-Jan-1999','DD-MON-YYYY'), 87.36);
insert into Party values (132240,null,'Cheung','Robinson','Hunter St','Northgate','QLD','4013','96738280');
insert into Employee values (913902, 132240, 'Rater', 72300);
insert into RatingAction values(766171, 132240, 'A', to_date('7-Jan-1999','DD-MON-YYYY'), 55.99);
insert into RatingAction values(766174, 125155, 'A', to_date('6-Jan-1999','DD-MON-YYYY'), 92.58);
insert into Party values (132328,null,'William','Kwok','Smith St','Kensington','NSW','2033','97525328');
insert into Employee values (913927, 132328, 'Rater', 60600);
insert into RatingAction values(766188, 132328, 'A', to_date('6-Jan-1999','DD-MON-YYYY'), 91.89);
update Policy set status='UW' where id=546222;
insert into UnderWritingAction values(546222, 124028, 'A', to_date('13-Jan-1999','DD-MON-YYYY'));
update Policy set validFrom=to_date('19-Jan-1999','DD-MON-YYYY'),validUntil=to_date('19-Jan-2000','DD-MON-YYYY'),premium=327.82,paidOn=to_date('17-Jan-1999','DD-MON-YYYY'),status='OK'
 where id=546222;
insert into Party values (132441,null,'Wai','Zheng','Fitzroy St','Clifton Gardens','NSW','2088','96124266');
insert into Client values (132441);
insert into Policy values (546286,to_date('10-Feb-1999','DD-MON-YYYY'),null,null,null,null,'DR');
insert into Holds values (132441,546286);
insert into CoveredItem values(126466,'Honda','Legend',1999,'QQU928',19500);
insert into Coverage values (766202,'Third Party Property',1593.03);
update Policy set status='RA' where id=546286;
insert into Covers values (126466,546286,766202);
insert into RatingAction values(766202, 129455, 'A', to_date('15-Feb-1999','DD-MON-YYYY'), 59.61);
update Policy set status='UW' where id=546286;
insert into Party values (132454,null,'Henry','Lai','Philip St','Diamond Bay','NSW','2030','98841551');
insert into Employee values (913944, 132454, 'Underwriter', 90400);
insert into UnderWritingAction values(546286, 132454, 'A', to_date('20-Feb-1999','DD-MON-YYYY'));
update Policy set validFrom=to_date('27-Feb-1999','DD-MON-YYYY'),validUntil=to_date('27-Feb-2000','DD-MON-YYYY'),premium=59.61,paidOn=to_date('25-Feb-1999','DD-MON-YYYY'),status='CA'
 where id=546286;
insert into Party values (132458,'Slaughter Software Supplies','Wing','Pham','Kings Rd','Kensington','VIC','3031','95402831');
insert into Claimant values (132458);
insert into Claim values(124528, 546286, 132458, to_date('24-Mar-1999','DD-MON-YYYY'), to_date('24-Mar-1999','DD-MON-YYYY'), 3521.36, 'A');
insert into ClaimAction values(124528, 124264, 'OP', to_date('24-Mar-1999','DD-MON-YYYY'), 3521.36, null);
insert into Party values (132463,null,'Matthew','Tran','Station Rd','Waverton','NSW','2060','97873229');
insert into ClaimAction values(124528, 131034, 'PO', to_date('29-Mar-1999','DD-MON-YYYY'), 3667.46, 132463);
update Claim set reserve=-146.10, status='A' where id=124528;
insert into Party values (132536,null,'Deborah','Kim','Myrtle St','Waverton','NSW','2060','93637084');
insert into Client values (132536);
insert into Policy values (546397,to_date('24-Feb-1999','DD-MON-YYYY'),null,null,null,null,'DR');
insert into Holds values (132536,546397);
insert into CoveredItem values(126531,'Mitsubishi','Mirage',1991,'OZP363',7500);
insert into Coverage values (766205,'Accidental Damage',2147.43);
insert into Coverage values (766217,'Fire',2685.88);
insert into Coverage values (766221,'Accidental Damage',3435.15);
update Policy set status='RA' where id=546397;
insert into Covers values (126531,546397,766205);
insert into Covers values (126531,546397,766217);
insert into Covers values (126531,546397,766221);
insert into Party values (132641,null,'Minh','Robinson','Gum Ln','Ellen Grove','QLD','4077','90504150');
insert into Employee values (914039, 132641, 'Rater', 68900);
insert into RatingAction values(766205, 132641, 'A', to_date('26-Feb-1999','DD-MON-YYYY'), 57.27);
insert into RatingAction values(766217, 125436, 'A', to_date('1-Mar-1999','DD-MON-YYYY'), 72.65);
insert into RatingAction values(766221, 132194, 'A', to_date('26-Feb-1999','DD-MON-YYYY'), 86.23);
update Policy set status='UW' where id=546397;
insert into Party values (132732,null,'Andrew','Wilson','Fitzroy St','Tempe','NSW','2044','90967407');
insert into Client values (132732);
insert into Policy values (546502,to_date('17-Mar-1999','DD-MON-YYYY'),null,null,null,null,'DR');
insert into Holds values (132732,546502);
insert into CoveredItem values(126584,'Ford','Falcon',1983,'IOE024',2000);
insert into Coverage values (766237,'Accidental Damage',3783.94);
update Policy set status='RA' where id=546502;
insert into Covers values (126584,546502,766237);
insert into Party values (132781,null,'Lawrence','Edwards','Mandible St','Lutwyche','QLD','4030','97542418');
insert into Client values (132781);
insert into Policy values (546544,to_date('28-Jan-1999','DD-MON-YYYY'),null,null,null,null,'DR');
insert into Holds values (132781,546544);
insert into CoveredItem values(126642,'Subaru','Forester',1993,'TPF110',10500);
insert into Coverage values (766250,'Third Party',1490.98);
update Policy set status='RA' where id=546544;
insert into Covers values (126642,546544,766250);
insert into RatingAction values(766250, 127440, 'A', to_date('2-Feb-1999','DD-MON-YYYY'), 70.41);
update Policy set status='UW' where id=546544;
insert into Party values (132798,null,'Jennifer','Tam','Hunter St','Meadow Heights','VIC','3048','94852599');
insert into Client values (132798);
insert into Party values (132832,null,'Yin','Zhao','Main St','Leichhardt','NSW','2040','96771239');
insert into Client values (132832);
insert into Party values (132941,null,'Peter','Truong','Lygon St','Bellbowrie','QLD','4070','98512572');
insert into Client values (132941);
insert into Policy values (546642,to_date('28-Mar-1999','DD-MON-YYYY'),null,null,null,null,'DR');
insert into Holds values (132798,546642);
insert into Holds values (132832,546642);
insert into Holds values (132941,546642);
insert into CoveredItem values(126647,'Honda','Prelude',1981,'PNM242',2000);
insert into Coverage values (766260,'Fire',879.01);
update Policy set status='RA' where id=546642;
insert into Covers values (126647,546642,766260);
insert into Party values (132983,null,'Tao','Yao','Park St','Chippendale','NSW','2008','99108580');
insert into Employee values (914131, 132983, 'Rater', 78600);
insert into RatingAction values(766260, 132983, 'A', to_date('31-Mar-1999','DD-MON-YYYY'), 53.43);
update Policy set status='UW' where id=546642;
insert into UnderWritingAction values(546642, 127618, 'A', to_date('2-Apr-1999','DD-MON-YYYY'));
update Policy set validFrom=to_date('6-Apr-1999','DD-MON-YYYY'),validUntil=to_date('5-Apr-2000','DD-MON-YYYY'),premium=53.43,paidOn=to_date('5-Apr-1999','DD-MON-YYYY'),status='OK'
 where id=546642;
insert into Policy values (546696,to_date('1-Feb-1999','DD-MON-YYYY'),null,null,null,null,'DR');
insert into Holds values (132536,546696);
insert into CoveredItem values(126715,'Ford','Futura',1997,'SEX571',16500);
insert into Coverage values (766263,'Third Party',1343.61);
update Policy set status='RA' where id=546696;
insert into Covers values (126715,546696,766263);
insert into RatingAction values(766263, 125155, 'A', to_date('3-Feb-1999','DD-MON-YYYY'), 91.44);
update Policy set status='UW' where id=546696;
insert into UnderWritingAction values(546696, 127618, 'A', to_date('4-Feb-1999','DD-MON-YYYY'));
update Policy set validFrom=to_date('8-Feb-1999','DD-MON-YYYY'),validUntil=to_date('8-Feb-2000','DD-MON-YYYY'),premium=91.44,paidOn=to_date('7-Feb-1999','DD-MON-YYYY'),status='OK'
 where id=546696;
insert into Party values (133008,null,'Alex','Wilson','Hume St','Killara','NSW','2071','93674621');
insert into Client values (133008);
insert into Policy values (546807,to_date('5-Feb-1999','DD-MON-YYYY'),null,null,null,null,'DR');
insert into Holds values (133008,546807);
insert into CoveredItem values(126821,'Honda','Accord',1993,'YBB021',10500);
insert into Coverage values (766278,'Accidental Damage',2799.51);
insert into Coverage values (766297,'Accidental Damage',586.46);
insert into Coverage values (766305,'Accidental Damage',2648.79);
update Policy set status='RA' where id=546807;
insert into Covers values (126821,546807,766278);
insert into Covers values (126821,546807,766297);
insert into Covers values (126821,546807,766305);
insert into Party values (133070,null,'William','Strachan','Queen St','West Chatswood','NSW','2067','93006896');
insert into Employee values (914191, 133070, 'Rater', 67500);
insert into RatingAction values(766278, 133070, 'A', to_date('8-Feb-1999','DD-MON-YYYY'), 56.84);
insert into RatingAction values(766297, 125436, 'A', to_date('6-Feb-1999','DD-MON-YYYY'), 96.43);
insert into Party values (133161,null,'Samuel','Wilson','King St','Eatons Hill','QLD','4037','90045166');
insert into Employee values (914258, 133161, 'Rater', 67600);
insert into RatingAction values(766305, 133161, 'A', to_date('9-Feb-1999','DD-MON-YYYY'), 50.08);
update Policy set status='UW' where id=546807;
insert into UnderWritingAction values(546807, 131868, 'A', to_date('12-Feb-1999','DD-MON-YYYY'));
update Policy set validFrom=to_date('17-Feb-1999','DD-MON-YYYY'),validUntil=to_date('17-Feb-2000','DD-MON-YYYY'),premium=203.35,paidOn=to_date('15-Feb-1999','DD-MON-YYYY'),status='OK'
 where id=546807;
insert into Party values (133217,null,'Min','Strachan','Wattle St','Ardeer','VIC','3022','92271117');
insert into Client values (133217);
insert into Policy values (546899,to_date('25-Jan-1999','DD-MON-YYYY'),null,null,null,null,'DR');
insert into Holds values (133217,546899);
insert into CoveredItem values(126847,'Datsun','240Z',1982,'GYG161',2000);
insert into Coverage values (766316,'Accidental Damage',3000.09);
update Policy set status='RA' where id=546899;
insert into Covers values (126847,546899,766316);
insert into RatingAction values(766316, 132240, 'A', to_date('29-Jan-1999','DD-MON-YYYY'), 50.77);
update Policy set status='UW' where id=546899;
insert into UnderWritingAction values(546899, 126412, 'A', to_date('5-Feb-1999','DD-MON-YYYY'));
update Policy set validFrom=to_date('8-Feb-1999','DD-MON-YYYY'),validUntil=to_date('8-Feb-2000','DD-MON-YYYY'),premium=50.77,paidOn=to_date('6-Feb-1999','DD-MON-YYYY'),status='OK'
 where id=546899;
insert into Party values (133270,null,'Tom','Chiu','Hunter St','Tempe','NSW','2044','99979247');
insert into Client values (133270);
insert into Policy values (546984,to_date('2-Jan-1999','DD-MON-YYYY'),null,null,null,null,'DR');
insert into Holds values (133270,546984);
insert into CoveredItem values(126952,'Ford','Laser',1993,'BFP615',10500);
insert into Coverage values (766326,'Accidental Damage',2582.49);
update Policy set status='RA' where id=546984;
insert into Covers values (126952,546984,766326);
insert into RatingAction values(766326, 125672, 'A', to_date('4-Jan-1999','DD-MON-YYYY'), 57.85);
update Policy set status='UW' where id=546984;
insert into Party values (133381,null,'Jun','Tsang','Station St','Tempe','NSW','2044','97503966');
insert into Employee values (914321, 133381, 'Underwriter', 89800);
insert into UnderWritingAction values(546984, 133381, 'A', to_date('8-Jan-1999','DD-MON-YYYY'));
update Policy set validFrom=to_date('11-Jan-1999','DD-MON-YYYY'),validUntil=to_date('11-Jan-2000','DD-MON-YYYY'),premium=57.85,paidOn=to_date('10-Jan-1999','DD-MON-YYYY'),status='OK'
 where id=546984;
insert into Party values (133413,null,'Nicholas','Ng','Waratah St','Ashgrove','QLD','4060','90677795');
insert into Client values (133413);
insert into Policy values (547061,to_date('27-Feb-1999','DD-MON-YYYY'),null,null,null,null,'DR');
insert into Holds values (133413,547061);
insert into CoveredItem values(127004,'Ford','Festiva',1982,'VII654',2000);
insert into Coverage values (766343,'Fire',3314.64);
update Policy set status='RA' where id=547061;
insert into Covers values (127004,547061,766343);
insert into RatingAction values(766343, 132983, 'D', to_date('3-Mar-1999','DD-MON-YYYY'), 0.00);
insert into RatingAction values(766343, 125436, 'A', to_date('5-Mar-1999','DD-MON-YYYY'), 87.95);
update Policy set status='UW' where id=547061;
insert into UnderWritingAction values(547061, 125183, 'A', to_date('6-Mar-1999','DD-MON-YYYY'));
update Policy set validFrom=to_date('10-Mar-1999','DD-MON-YYYY'),validUntil=to_date('9-Mar-2000','DD-MON-YYYY'),premium=87.95,paidOn=to_date('8-Mar-1999','DD-MON-YYYY'),status='OK'
 where id=547061;
insert into Party values (133494,null,'Wing','Young','Albert Rd','Pinkenba','QLD','4008','97056578');
insert into Client values (133494);
insert into Policy values (547072,to_date('18-Mar-1999','DD-MON-YYYY'),null,null,null,null,'DR');
insert into Holds values (133494,547072);
insert into CoveredItem values(127034,'Honda','Prelude',1991,'IHV721',7500);
insert into Coverage values (766362,'Third Party Property',165.16);
insert into Coverage values (766373,'Third Party Property',77.21);
update Policy set status='RA' where id=547072;
insert into Covers values (127034,547072,766362);
insert into Covers values (127034,547072,766373);
insert into RatingAction values(766362, 125155, 'A', to_date('21-Mar-1999','DD-MON-YYYY'), 51.26);
insert into RatingAction values(766373, 133070, 'A', to_date('22-Mar-1999','DD-MON-YYYY'), 52.00);
update Policy set status='UW' where id=547072;
insert into UnderWritingAction values(547072, 125183, 'A', to_date('25-Mar-1999','DD-MON-YYYY'));
update Policy set validFrom=to_date('30-Mar-1999','DD-MON-YYYY'),validUntil=to_date('29-Mar-2000','DD-MON-YYYY'),premium=103.26,paidOn=to_date('28-Mar-1999','DD-MON-YYYY'),status='OK'
 where id=547072;
insert into Party values (133583,null,'Zoltan','Tanaka','Smith St','Ben Buckler','NSW','2026','90136108');
insert into Client values (133583);
insert into Policy values (547153,to_date('22-Mar-1999','DD-MON-YYYY'),null,null,null,null,'DR');
insert into Holds values (133583,547153);
insert into CoveredItem values(127129,'Honda','Accord',1999,'GVM128',19500);
insert into Coverage values (766386,'Accidental Damage',4398.59);
update Policy set status='RA' where id=547153;
insert into Covers values (127129,547153,766386);
insert into RatingAction values(766386, 132983, 'A', to_date('25-Mar-1999','DD-MON-YYYY'), 69.47);
update Policy set status='UW' where id=547153;
insert into UnderWritingAction values(547153, 131421, 'A', to_date('1-Apr-1999','DD-MON-YYYY'));
update Policy set validFrom=to_date('6-Apr-1999','DD-MON-YYYY'),validUntil=to_date('5-Apr-2000','DD-MON-YYYY'),premium=69.47,paidOn=to_date('4-Apr-1999','DD-MON-YYYY'),status='OK'
 where id=547153;
insert into Party values (133656,null,'Chin','Lim','New St','Donnybrook','VIC','3064','90595703');
insert into Client values (133656);
insert into Party values (133668,null,'Dong','Sun','Fitzroy St','Chartwell','VIC','3030','90130615');
insert into Client values (133668);
insert into Policy values (547209,to_date('20-Mar-1999','DD-MON-YYYY'),null,null,null,null,'DR');
insert into Holds values (133656,547209);
insert into Holds values (133668,547209);
insert into CoveredItem values(127195,'Mazda','Astina',1995,'FMV355',13500);
insert into Coverage values (766401,'Third Party Property',2142.56);
insert into Coverage values (766409,'Accidental Damage',840.41);
update Policy set status='RA' where id=547209;
insert into Covers values (127195,547209,766401);
insert into Covers values (127195,547209,766409);
insert into RatingAction values(766401, 125155, 'A', to_date('24-Mar-1999','DD-MON-YYYY'), 94.47);
insert into Employee values (914363, 133494, 'Rater', 73600);
insert into RatingAction values(766409, 133494, 'A', to_date('25-Mar-1999','DD-MON-YYYY'), 59.94);
update Policy set status='UW' where id=547209;
insert into UnderWritingAction values(547209, 131868, 'A', to_date('31-Mar-1999','DD-MON-YYYY'));
update Policy set validFrom=to_date('2-Apr-1999','DD-MON-YYYY'),validUntil=to_date('1-Apr-2000','DD-MON-YYYY'),premium=154.40,paidOn=to_date('1-Apr-1999','DD-MON-YYYY'),status='OK'
 where id=547209;
insert into Party values (133713,null,'Kaye','Taylor','Oxford Ln','Suttons Beach','QLD','4020','98914488');
insert into Client values (133713);
insert into Policy values (547258,to_date('28-Mar-1999','DD-MON-YYYY'),null,null,null,null,'DR');
insert into Holds values (133713,547258);
insert into CoveredItem values(127288,'Ford','Laser',1986,'UQI977',5000);
insert into Coverage values (766415,'Fire',2175.96);
update Policy set status='RA' where id=547258;
insert into Covers values (127288,547258,766415);
insert into RatingAction values(766415, 132194, 'A', to_date('2-Apr-1999','DD-MON-YYYY'), 72.19);
update Policy set status='UW' where id=547258;
insert into UnderWritingAction values(547258, 127618, 'A', to_date('5-Apr-1999','DD-MON-YYYY'));
update Policy set validFrom=to_date('7-Apr-1999','DD-MON-YYYY'),validUntil=to_date('6-Apr-2000','DD-MON-YYYY'),premium=72.19,paidOn=to_date('6-Apr-1999','DD-MON-YYYY'),status='OK'
 where id=547258;
insert into Party values (133745,'Australian Shipping Ltd','Man','Lai','York St','Belrose','NSW','2085','90047912');
insert into Client values (133745);
insert into Policy values (547275,to_date('31-Mar-1999','DD-MON-YYYY'),null,null,null,null,'DR');
insert into Holds values (133745,547275);
insert into CoveredItem values(127378,'Datsun','120Y',1997,'LXP093',16500);
insert into Coverage values (766434,'Accidental Damage',2057.97);
update Policy set status='RA' where id=547275;
insert into Covers values (127378,547275,766434);
insert into RatingAction values(766434, 127440, 'A', to_date('3-Apr-1999','DD-MON-YYYY'), 56.18);
update Policy set status='UW' where id=547275;
insert into UnderWritingAction values(547275, 132454, 'A', to_date('10-Apr-1999','DD-MON-YYYY'));
update Policy set validFrom=to_date('18-Apr-1999','DD-MON-YYYY'),validUntil=to_date('17-Apr-2000','DD-MON-YYYY'),premium=56.18,paidOn=to_date('17-Apr-1999','DD-MON-YYYY'),status='OK'
 where id=547275;
insert into Party values (133758,null,'Francis','Singh','York St','Clontarf','QLD','4019','90146789');
insert into Client values (133758);
insert into Policy values (547372,to_date('22-Mar-1999','DD-MON-YYYY'),null,null,null,null,'DR');
insert into Holds values (133758,547372);
insert into CoveredItem values(127428,'Datsun','120Y',1997,'RIH667',16500);
insert into Coverage values (766438,'Third Party Property',1051.73);
update Policy set status='RA' where id=547372;
insert into Covers values (127428,547372,766438);
insert into Party values (133835,null,'Li','Lai','Main St','Fortitude Valley','QLD','4006','97978514');
insert into Employee values (914381, 133835, 'Rater', 65900);
insert into RatingAction values(766438, 133835, 'A', to_date('27-Mar-1999','DD-MON-YYYY'), 86.25);
update Policy set status='UW' where id=547372;
insert into UnderWritingAction values(547372, 127618, 'A', to_date('28-Mar-1999','DD-MON-YYYY'));
update Policy set validFrom=to_date('5-Apr-1999','DD-MON-YYYY'),validUntil=to_date('4-Apr-2000','DD-MON-YYYY'),premium=86.25,paidOn=to_date('4-Apr-1999','DD-MON-YYYY'),status='OK'
 where id=547372;
insert into Party values (133899,null,'Siew','Yang','Smith St','Glenroy','VIC','3046','94150390');
insert into Client values (133899);
insert into Party values (133949,null,'Jane','Chiu','Oxford Ln','Cowan','NSW','2081','97112120');
insert into Client values (133949);
insert into Party values (133985,null,'David','Tam','Main St','Eatons Hill','QLD','4037','92861633');
insert into Client values (133985);
insert into Policy values (547483,to_date('1-Jan-1999','DD-MON-YYYY'),null,null,null,null,'DR');
insert into Holds values (133899,547483);
insert into Holds values (133949,547483);
insert into Holds values (133985,547483);
insert into CoveredItem values(127445,'Mitsubishi','Magna',1988,'JOT817',5000);
insert into Coverage values (766447,'Accidental Damage',4540.42);
update Policy set status='RA' where id=547483;
insert into Covers values (127445,547483,766447);
insert into RatingAction values(766447, 127386, 'A', to_date('6-Jan-1999','DD-MON-YYYY'), 94.34);
update Policy set status='UW' where id=547483;
insert into UnderWritingAction values(547483, 123774, 'A', to_date('13-Jan-1999','DD-MON-YYYY'));
update Policy set validFrom=to_date('20-Jan-1999','DD-MON-YYYY'),validUntil=to_date('20-Jan-2000','DD-MON-YYYY'),premium=94.34,paidOn=to_date('19-Jan-1999','DD-MON-YYYY'),status='OK'
 where id=547483;
insert into Party values (134000,null,'Ching','Baker','Commercial St','Lutwyche','QLD','4030','91899108');
insert into Client values (134000);
insert into Policy values (547513,to_date('9-Jan-1999','DD-MON-YYYY'),null,null,null,null,'DR');
insert into Holds values (134000,547513);
insert into CoveredItem values(127505,'Holden','Barina',1994,'ZPZ243',12000);
insert into Coverage values (766459,'Third Party',4114.93);
update Policy set status='RA' where id=547513;
insert into Covers values (127505,547513,766459);
insert into RatingAction values(766459, 123676, 'A', to_date('13-Jan-1999','DD-MON-YYYY'), 59.80);
update Policy set status='UW' where id=547513;
insert into UnderWritingAction values(547513, 124028, 'A', to_date('18-Jan-1999','DD-MON-YYYY'));
update Policy set validFrom=to_date('23-Jan-1999','DD-MON-YYYY'),validUntil=to_date('23-Jan-2000','DD-MON-YYYY'),premium=59.80,paidOn=to_date('21-Jan-1999','DD-MON-YYYY'),status='OK'
 where id=547513;
insert into Party values (134043,null,'Wei','Date','Fitzroy St','Seaholme','VIC','3018','97452697');
insert into Client values (134043);
insert into Policy values (547521,to_date('6-Jan-1999','DD-MON-YYYY'),null,null,null,null,'DR');
insert into Holds values (134043,547521);
insert into CoveredItem values(127509,'Honda','Civic',1988,'YEU352',5000);
insert into Coverage values (766475,'Third Party',1127.93);
insert into Coverage values (766484,'Third Party Property',2581.31);
update Policy set status='RA' where id=547521;
insert into Covers values (127509,547521,766475);
insert into Covers values (127509,547521,766484);
insert into RatingAction values(766475, 132240, 'A', to_date('10-Jan-1999','DD-MON-YYYY'), 63.69);
insert into RatingAction values(766484, 129455, 'A', to_date('10-Jan-1999','DD-MON-YYYY'), 95.95);
update Policy set status='UW' where id=547521;
insert into Party values (134132,null,'Hon','Halim','Smith St','Glenroy','VIC','3046','96135558');
insert into Client values (134132);
insert into Policy values (547549,to_date('7-Mar-1999','DD-MON-YYYY'),null,null,null,null,'DR');
insert into Holds values (134132,547549);
insert into CoveredItem values(127546,'Ford','Falcon',1996,'GHZ148',15000);
insert into Coverage values (766496,'Third Party',4772.22);
update Policy set status='RA' where id=547549;
insert into Covers values (127546,547549,766496);
insert into RatingAction values(766496, 125436, 'A', to_date('11-Mar-1999','DD-MON-YYYY'), 73.90);
update Policy set status='UW' where id=547549;
insert into UnderWritingAction values(547549, 125183, 'A', to_date('17-Mar-1999','DD-MON-YYYY'));
update Policy set validFrom=to_date('26-Mar-1999','DD-MON-YYYY'),validUntil=to_date('25-Mar-2000','DD-MON-YYYY'),premium=73.90,paidOn=to_date('24-Mar-1999','DD-MON-YYYY'),status='OK'
 where id=547549;
insert into Party values (134174,'Packer Banking Corp','Yong','Brown','Acacia St','Little Bay','NSW','2036','90184020');
insert into Client values (134174);
insert into Policy values (547649,to_date('18-Jan-1999','DD-MON-YYYY'),null,null,null,null,'DR');
insert into Holds values (134174,547649);
insert into CoveredItem values(127624,'Volkswagen','Golf',1995,'WAJ699',13500);
insert into Coverage values (766505,'Accidental Damage',1904.22);
update Policy set status='RA' where id=547649;
insert into Covers values (127624,547649,766505);
insert into Party values (134183,null,'Kwok','Halim','Station Rd','St Helena','VIC','3088','96256713');
insert into Employee values (914401, 134183, 'Rater', 77400);
insert into RatingAction values(766505, 134183, 'A', to_date('21-Jan-1999','DD-MON-YYYY'), 55.43);
update Policy set status='UW' where id=547649;
insert into UnderWritingAction values(547649, 131421, 'A', to_date('28-Jan-1999','DD-MON-YYYY'));
update Policy set validFrom=to_date('31-Jan-1999','DD-MON-YYYY'),validUntil=to_date('31-Jan-2000','DD-MON-YYYY'),premium=55.43,paidOn=to_date('30-Jan-1999','DD-MON-YYYY'),status='OK'
 where id=547649;
insert into Party values (134229,null,'Thomas','Fung','George St','Chippendale','NSW','2008','93887023');
insert into Claimant values (134229);
insert into Claim values(124578, 547649, 134229, to_date('10-Jan-2000','DD-MON-YYYY'), to_date('10-Jan-2000','DD-MON-YYYY'), 11056.15, 'A');
insert into ClaimAction values(124578, 126882, 'OP', to_date('10-Jan-2000','DD-MON-YYYY'), 11056.15, null);
insert into Party values (134293,null,'Samuel','Lam','Pacific St','St Leonards','NSW','2065','92954101');
insert into Employee values (914495, 134293, 'Claim Processor', 58200);
insert into ClaimAction values(124578, 134293, 'PO', to_date('11-Jan-2000','DD-MON-YYYY'), 7411.07, 134229);
insert into Party values (134304,null,'Huy','Davis','Waratah St','Doutta Galla','VIC','3042','96174620');
insert into ClaimAction values(124578, 126882, 'PO', to_date('13-Jan-2000','DD-MON-YYYY'), 1991.25, 134304);
insert into Party values (134391,null,'Ngoc','Tang','Commercial Rd','Sumner','QLD','4074','98679198');
insert into ClaimAction values(124578, 126882, 'PO', to_date('17-Jan-2000','DD-MON-YYYY'), 2485.81, 134391);
insert into ClaimAction values(124578, 126882, 'CL', to_date('17-Jan-2000','DD-MON-YYYY'), 0.00, null);
update Claim set reserve=-831.98, status='Z' where id=124578;
insert into Policy values (547709,to_date('1-Feb-1999','DD-MON-YYYY'),null,null,null,null,'DR');
insert into Holds values (132441,547709);
insert into CoveredItem values(127697,'Honda','Prelude',1994,'KVZ731',12000);
insert into Coverage values (766524,'Third Party',4279.42);
update Policy set status='RA' where id=547709;
insert into Covers values (127697,547709,766524);
insert into RatingAction values(766524, 125672, 'A', to_date('5-Feb-1999','DD-MON-YYYY'), 81.05);
update Policy set status='UW' where id=547709;
insert into UnderWritingAction values(547709, 124028, 'A', to_date('11-Feb-1999','DD-MON-YYYY'));
update Policy set validFrom=to_date('14-Feb-1999','DD-MON-YYYY'),validUntil=to_date('14-Feb-2000','DD-MON-YYYY'),premium=81.05,paidOn=to_date('13-Feb-1999','DD-MON-YYYY'),status='OK'
 where id=547709;
insert into Party values (134415,null,'Jimmy','James','Smith St','St Leonards','NSW','2065','97424620');
insert into Client values (134415);
insert into Policy values (547797,to_date('27-Jan-1999','DD-MON-YYYY'),null,null,null,null,'DR');
insert into Holds values (134415,547797);
insert into CoveredItem values(127749,'Honda','Prelude',1990,'QSE133',6000);
insert into Coverage values (766527,'Third Party',2244.11);
update Policy set status='RA' where id=547797;
insert into Covers values (127749,547797,766527);
insert into RatingAction values(766527, 133161, 'A', to_date('30-Jan-1999','DD-MON-YYYY'), 76.65);
update Policy set status='UW' where id=547797;
insert into UnderWritingAction values(547797, 125183, 'A', to_date('3-Feb-1999','DD-MON-YYYY'));
update Policy set validFrom=to_date('11-Feb-1999','DD-MON-YYYY'),validUntil=to_date('11-Feb-2000','DD-MON-YYYY'),premium=76.65,paidOn=to_date('10-Feb-1999','DD-MON-YYYY'),status='OK'
 where id=547797;
insert into Party values (134452,null,'Ali','Lindsay','Queen St','Ellen Grove','QLD','4077','90045166');
insert into Client values (134452);
insert into Policy values (547888,to_date('25-Feb-1999','DD-MON-YYYY'),null,null,null,null,'DR');
insert into Holds values (134452,547888);
insert into CoveredItem values(127785,'Ford','Laser',1994,'SYF312',12000);
insert into Coverage values (766531,'Third Party Property',1086.98);
update Policy set status='RA' where id=547888;
insert into Covers values (127785,547888,766531);
insert into RatingAction values(766531, 134183, 'A', to_date('1-Mar-1999','DD-MON-YYYY'), 73.22);
update Policy set status='UW' where id=547888;
insert into UnderWritingAction values(547888, 124028, 'A', to_date('5-Mar-1999','DD-MON-YYYY'));
update Policy set validFrom=to_date('9-Mar-1999','DD-MON-YYYY'),validUntil=to_date('8-Mar-2000','DD-MON-YYYY'),premium=73.22,paidOn=to_date('7-Mar-1999','DD-MON-YYYY'),status='OK'
 where id=547888;
insert into Party values (134520,null,'Tony','Fung','Park Ave','West Chatswood','NSW','2067','95858458');
insert into Client values (134520);
insert into Policy values (547893,to_date('9-Jan-1999','DD-MON-YYYY'),null,null,null,null,'DR');
insert into Holds values (134520,547893);
insert into CoveredItem values(127792,'Holden','Commodore',1980,'DRD230',2000);
insert into Coverage values (766546,'Fire',4120.64);
insert into Coverage values (766561,'Third Party Property',291.72);
update Policy set status='RA' where id=547893;
insert into Covers values (127792,547893,766546);
insert into Covers values (127792,547893,766561);
insert into Party values (134625,null,'Kin','Strachan','Philip St','North Steyne','NSW','2095','99618529');
insert into Employee values (914579, 134625, 'Rater', 78700);
insert into RatingAction values(766546, 134625, 'A', to_date('12-Jan-1999','DD-MON-YYYY'), 53.87);
insert into RatingAction values(766561, 127440, 'A', to_date('14-Jan-1999','DD-MON-YYYY'), 87.83);
update Policy set status='UW' where id=547893;
insert into UnderWritingAction values(547893, 133381, 'A', to_date('18-Jan-1999','DD-MON-YYYY'));
update Policy set validFrom=to_date('26-Jan-1999','DD-MON-YYYY'),validUntil=to_date('26-Jan-2000','DD-MON-YYYY'),premium=141.69,paidOn=to_date('24-Jan-1999','DD-MON-YYYY'),status='OK'
 where id=547893;
insert into Party values (134705,null,'Thanh','Park','Smith St','Pinkenba','QLD','4008','92172546');
insert into Client values (134705);
insert into Policy values (547921,to_date('14-Jan-1999','DD-MON-YYYY'),null,null,null,null,'DR');
insert into Holds values (134705,547921);
insert into CoveredItem values(127817,'Toyota','Corolla',1980,'KVC079',2000);
insert into Coverage values (766564,'Fire',1404.54);
update Policy set status='RA' where id=547921;
insert into Covers values (127817,547921,766564);
insert into RatingAction values(766564, 132194, 'A', to_date('18-Jan-1999','DD-MON-YYYY'), 92.83);
update Policy set status='UW' where id=547921;
insert into UnderWritingAction values(547921, 123774, 'A', to_date('19-Jan-1999','DD-MON-YYYY'));
update Policy set validFrom=to_date('27-Jan-1999','DD-MON-YYYY'),validUntil=to_date('27-Jan-2000','DD-MON-YYYY'),premium=92.83,paidOn=to_date('26-Jan-1999','DD-MON-YYYY'),status='OK'
 where id=547921;
insert into Party values (134782,null,'Steven','Isaacson','York St','Rosanna','VIC','3084','92500304');
insert into Client values (134782);
insert into Policy values (547924,to_date('13-Jan-1999','DD-MON-YYYY'),null,null,null,null,'DR');
insert into Holds values (134782,547924);
insert into CoveredItem values(127920,'Mazda','Astina',1996,'DXR418',15000);
insert into Coverage values (766572,'Third Party',5075.01);
update Policy set status='RA' where id=547924;
insert into Covers values (127920,547924,766572);
insert into RatingAction values(766572, 123978, 'A', to_date('17-Jan-1999','DD-MON-YYYY'), 55.63);
update Policy set status='UW' where id=547924;
insert into UnderWritingAction values(547924, 131421, 'A', to_date('24-Jan-1999','DD-MON-YYYY'));
update Policy set validFrom=to_date('2-Feb-1999','DD-MON-YYYY'),validUntil=to_date('2-Feb-2000','DD-MON-YYYY'),premium=55.63,paidOn=to_date('31-Jan-1999','DD-MON-YYYY'),status='OK'
 where id=547924;
insert into Party values (134831,null,'Chun','Ullman','Myrtle St','Taringa','QLD','4068','94069213');
insert into Client values (134831);
insert into Policy values (547966,to_date('9-Feb-1999','DD-MON-YYYY'),null,null,null,null,'DR');
insert into Holds values (134831,547966);
insert into CoveredItem values(127990,'Mazda','Astina',1997,'XYV211',16500);
insert into Coverage values (766580,'Third Party',2103.12);
update Policy set status='RA' where id=547966;
insert into Covers values (127990,547966,766580);
insert into RatingAction values(766580, 132328, 'A', to_date('11-Feb-1999','DD-MON-YYYY'), 88.04);
update Policy set status='UW' where id=547966;
insert into UnderWritingAction values(547966, 123774, 'A', to_date('17-Feb-1999','DD-MON-YYYY'));
update Policy set validFrom=to_date('21-Feb-1999','DD-MON-YYYY'),validUntil=to_date('21-Feb-2000','DD-MON-YYYY'),premium=88.04,paidOn=to_date('19-Feb-1999','DD-MON-YYYY'),status='OK'
 where id=547966;
insert into Party values (134935,'Harris Construction Services','Lawrence','Lawson','York St','Bunya','QLD','4055','98000182');
insert into Client values (134935);
insert into Policy values (548076,to_date('12-Jan-1999','DD-MON-YYYY'),null,null,null,null,'DR');
insert into Holds values (134935,548076);
insert into CoveredItem values(128095,'Honda','CRX',1997,'TEO683',16500);
insert into Coverage values (766599,'Fire',1396.99);
insert into Coverage values (766617,'Accidental Damage',3454.62);
insert into Coverage values (766626,'Third Party',594.85);
insert into Coverage values (766630,'Accidental Damage',5292.54);
update Policy set status='RA' where id=548076;
insert into Covers values (128095,548076,766599);
insert into Covers values (128095,548076,766617);
insert into Covers values (128095,548076,766626);
insert into Covers values (128095,548076,766630);
insert into Party values (134947,null,'Trevor','Chiang','Hume St','Diamond Bay','NSW','2030','99302062');
insert into Employee values (914619, 134947, 'Rater', 64000);
insert into RatingAction values(766599, 134947, 'A', to_date('15-Jan-1999','DD-MON-YYYY'), 54.04);
insert into RatingAction values(766617, 134625, 'A', to_date('17-Jan-1999','DD-MON-YYYY'), 53.46);
insert into RatingAction values(766626, 125672, 'A', to_date('14-Jan-1999','DD-MON-YYYY'), 84.14);
insert into RatingAction values(766630, 127440, 'A', to_date('13-Jan-1999','DD-MON-YYYY'), 58.62);
update Policy set status='UW' where id=548076;
insert into Party values (134967,null,'William','Tanaka','King St','Normanhurst','NSW','2076','96936644');
insert into Employee values (914667, 134967, 'Underwriter', 92300);
insert into UnderWritingAction values(548076, 134967, 'A', to_date('24-Jan-1999','DD-MON-YYYY'));
update Policy set validFrom=to_date('30-Jan-1999','DD-MON-YYYY'),validUntil=to_date('30-Jan-2000','DD-MON-YYYY'),premium=250.26,paidOn=to_date('28-Jan-1999','DD-MON-YYYY'),status='OK'
 where id=548076;
insert into Party values (135016,null,'Yang','Lau','Elizabeth St','Glenroy','VIC','3046','94892882');
insert into Client values (135016);
insert into Party values (135054,null,'Natalie','Nguyen','Albert Rd','Tempe','NSW','2044','96799926');
insert into Client values (135054);
insert into Party values (135075,null,'Lachlan','Ullman','Lygon St','Killara','NSW','2071','99153136');
insert into Client values (135075);
insert into Policy values (548140,to_date('2-Jan-1999','DD-MON-YYYY'),null,null,null,null,'DR');
insert into Holds values (135016,548140);
insert into Holds values (135054,548140);
insert into Holds values (135075,548140);
insert into CoveredItem values(128124,'Mitsubishi','Magna',1995,'ADO810',13500);
insert into Coverage values (766642,'Accidental Damage',5011.23);
update Policy set status='RA' where id=548140;
insert into Covers values (128124,548140,766642);
insert into RatingAction values(766642, 125155, 'A', to_date('5-Jan-1999','DD-MON-YYYY'), 59.37);
update Policy set status='UW' where id=548140;
insert into Employee values (914673, 129913, 'Underwriter', 77000);
insert into UnderWritingAction values(548140, 129913, 'A', to_date('7-Jan-1999','DD-MON-YYYY'));
update Policy set validFrom=to_date('13-Jan-1999','DD-MON-YYYY'),validUntil=to_date('13-Jan-2000','DD-MON-YYYY'),premium=59.37,paidOn=to_date('11-Jan-1999','DD-MON-YYYY'),status='OK'
 where id=548140;
insert into Party values (135141,null,'Ching','Le','York St','Gilberton','VIC','3072','94774169');
insert into Client values (135141);
insert into Party values (135183,null,'Marcus','Chung','Kings Rd','Ashgrove','QLD','4060','97050780');
insert into Client values (135183);
insert into Party values (135254,null,'Wai','Smith','Gum Ln','Gilberton','VIC','3072','94166564');
insert into Client values (135254);
insert into Policy values (548198,to_date('27-Mar-1999','DD-MON-YYYY'),null,null,null,null,'DR');
insert into Holds values (135141,548198);
insert into Holds values (135183,548198);
insert into Holds values (135254,548198);
insert into CoveredItem values(128154,'Nissan','Pulsar',1996,'AZR680',15000);
insert into Coverage values (766649,'Third Party',820.60);
insert into Coverage values (766664,'Accidental Damage',2262.41);
update Policy set status='RA' where id=548198;
insert into Covers values (128154,548198,766649);
insert into Covers values (128154,548198,766664);
insert into RatingAction values(766649, 132328, 'A', to_date('28-Mar-1999','DD-MON-YYYY'), 70.37);
insert into RatingAction values(766664, 132194, 'D', to_date('31-Mar-1999','DD-MON-YYYY'), 0.00);
insert into Party values (135299,null,'Kumar','Chang','Oak St','Cremorne','NSW','2090','91243591');
insert into Employee values (914710, 135299, 'Rater', 70900);
insert into RatingAction values(766664, 135299, 'A', to_date('2-Apr-1999','DD-MON-YYYY'), 85.08);
update Policy set status='UW' where id=548198;
insert into UnderWritingAction values(548198, 126412, 'A', to_date('7-Apr-1999','DD-MON-YYYY'));
update Policy set validFrom=to_date('12-Apr-1999','DD-MON-YYYY'),validUntil=to_date('11-Apr-2000','DD-MON-YYYY'),premium=155.45,paidOn=to_date('10-Apr-1999','DD-MON-YYYY'),status='OK'
 where id=548198;
insert into Party values (135368,null,'Kit','Ko','High St','Ben Buckler','NSW','2026','95379027');
insert into Claimant values (135368);
insert into Claim values(124661, 548198, 135368, to_date('1-Jul-1999','DD-MON-YYYY'), to_date('1-Jul-1999','DD-MON-YYYY'), 3998.35, 'A');
insert into ClaimAction values(124661, 124456, 'OP', to_date('1-Jul-1999','DD-MON-YYYY'), 3998.35, null);
insert into ClaimAction values(124661, 125855, 'PO', to_date('2-Jul-1999','DD-MON-YYYY'), 1631.70, 135368);
insert into ClaimAction values(124661, 124162, 'PO', to_date('4-Jul-1999','DD-MON-YYYY'), 2261.91, 135368);
update Claim set reserve=104.75, status='A' where id=124661;
insert into Party values (135401,null,'Ronald','Yeung','York St','Everton Park','QLD','4053','97635802');
insert into Client values (135401);
insert into Policy values (548253,to_date('31-Mar-1999','DD-MON-YYYY'),null,null,null,null,'DR');
insert into Holds values (135401,548253);
insert into CoveredItem values(128243,'Alfa','Romeo',1992,'ULK993',9000);
insert into Coverage values (766669,'Accidental Damage',102.89);
update Policy set status='RA' where id=548253;
insert into Covers values (128243,548253,766669);
insert into Party values (135476,null,'Eric','Halim','Queen St','Ardeer','VIC','3022','95542296');
insert into Employee values (914763, 135476, 'Rater', 72800);
insert into RatingAction values(766669, 135476, 'A', to_date('5-Apr-1999','DD-MON-YYYY'), 59.59);
update Policy set status='UW' where id=548253;
insert into UnderWritingAction values(548253, 132454, 'A', to_date('12-Apr-1999','DD-MON-YYYY'));
update Policy set validFrom=to_date('14-Apr-1999','DD-MON-YYYY'),validUntil=to_date('13-Apr-2000','DD-MON-YYYY'),premium=59.59,paidOn=to_date('13-Apr-1999','DD-MON-YYYY'),status='OK'
 where id=548253;
insert into Party values (135537,null,'Qiang','Mitchell','New St','Taringa','QLD','4068','91337890');
insert into Client values (135537);
insert into Policy values (548322,to_date('5-Mar-1999','DD-MON-YYYY'),null,null,null,null,'DR');
insert into Holds values (135537,548322);
insert into CoveredItem values(128272,'Honda','Prelude',1992,'NTW561',9000);
insert into Coverage values (766675,'Third Party Property',3103.32);
insert into Coverage values (766679,'Third Party',3016.88);
insert into Coverage values (766685,'Third Party',5361.19);
update Policy set status='RA' where id=548322;
insert into Covers values (128272,548322,766675);
insert into Covers values (128272,548322,766679);
insert into Covers values (128272,548322,766685);
insert into RatingAction values(766675, 134625, 'A', to_date('7-Mar-1999','DD-MON-YYYY'), 63.89);
insert into Party values (135606,null,'Albert','Leung','Station St','Ellen Grove','QLD','4077','93495483');
insert into Employee values (914772, 135606, 'Rater', 60800);
insert into RatingAction values(766679, 135606, 'A', to_date('10-Mar-1999','DD-MON-YYYY'), 88.95);
insert into RatingAction values(766685, 127386, 'A', to_date('10-Mar-1999','DD-MON-YYYY'), 76.55);
update Policy set status='UW' where id=548322;
insert into Party values (135693,null,'Catherine','Brown','Oak St','Diamond Bay','NSW','2030','99862364');
insert into Employee values (914883, 135693, 'Underwriter', 79000);
insert into UnderWritingAction values(548322, 135693, 'A', to_date('14-Mar-1999','DD-MON-YYYY'));
update Policy set validFrom=to_date('21-Mar-1999','DD-MON-YYYY'),validUntil=to_date('20-Mar-2000','DD-MON-YYYY'),premium=229.39,paidOn=to_date('20-Mar-1999','DD-MON-YYYY'),status='OK'
 where id=548322;
insert into Party values (135783,null,'Jimmy','Ingram','Queen St','Dee Why','NSW','2099','93374328');
insert into Client values (135783);
insert into Policy values (548398,to_date('10-Feb-1999','DD-MON-YYYY'),null,null,null,null,'DR');
insert into Holds values (135783,548398);
insert into CoveredItem values(128289,'Ford','Festiva',1991,'DUP084',7500);
insert into Coverage values (766696,'Third Party',5330.31);
update Policy set status='RA' where id=548398;
insert into Covers values (128289,548398,766696);
insert into RatingAction values(766696, 134183, 'A', to_date('13-Feb-1999','DD-MON-YYYY'), 88.67);
update Policy set status='UW' where id=548398;
insert into UnderWritingAction values(548398, 132454, 'A', to_date('14-Feb-1999','DD-MON-YYYY'));
update Policy set validFrom=to_date('22-Feb-1999','DD-MON-YYYY'),validUntil=to_date('22-Feb-2000','DD-MON-YYYY'),premium=88.67,paidOn=to_date('21-Feb-1999','DD-MON-YYYY'),status='OK'
 where id=548398;
insert into Party values (135797,null,'Lachlan','Ramakrishnan','Station St','Seaholme','VIC','3018','91924133');
insert into Client values (135797);
insert into Policy values (548436,to_date('14-Feb-1999','DD-MON-YYYY'),null,null,null,null,'DR');
insert into Holds values (135797,548436);
insert into CoveredItem values(128398,'Mitsubishi','Mirage',1996,'ERI699',15000);
insert into Coverage values (766703,'Fire',1490.14);
update Policy set status='RA' where id=548436;
insert into Covers values (128398,548436,766703);
insert into RatingAction values(766703, 134947, 'A', to_date('18-Feb-1999','DD-MON-YYYY'), 64.75);
update Policy set status='UW' where id=548436;
insert into Party values (135902,null,'Julie','Tang','Commercial St','Normanhurst','NSW','2076','93774718');
insert into Employee values (914931, 135902, 'Underwriter', 88000);
insert into UnderWritingAction values(548436, 135902, 'A', to_date('22-Feb-1999','DD-MON-YYYY'));
update Policy set validFrom=to_date('2-Mar-1999','DD-MON-YYYY'),validUntil=to_date('1-Mar-2000','DD-MON-YYYY'),premium=64.75,paidOn=to_date('28-Feb-1999','DD-MON-YYYY'),status='OK'
 where id=548436;
insert into Party values (135916,null,'Hong','Macdonald','Hume Rd','Gilberton','VIC','3072','98996275');
insert into Client values (135916);
insert into Policy values (548484,to_date('20-Feb-1999','DD-MON-YYYY'),null,null,null,null,'DR');
insert into Holds values (135916,548484);
insert into CoveredItem values(128472,'Ford','Falcon',1981,'MYC349',2000);
insert into Coverage values (766710,'Accidental Damage',4686.28);
update Policy set status='RA' where id=548484;
insert into Covers values (128472,548484,766710);
insert into Party values (135951,null,'Po','Ingram','Waratah St','Sumner','QLD','4074','99338377');
insert into Employee values (914979, 135951, 'Rater', 67200);
insert into RatingAction values(766710, 135951, 'A', to_date('21-Feb-1999','DD-MON-YYYY'), 86.18);
update Policy set status='UW' where id=548484;
insert into UnderWritingAction values(548484, 131868, 'A', to_date('27-Feb-1999','DD-MON-YYYY'));
update Policy set validFrom=to_date('7-Mar-1999','DD-MON-YYYY'),validUntil=to_date('6-Mar-2000','DD-MON-YYYY'),premium=86.18,paidOn=to_date('6-Mar-1999','DD-MON-YYYY'),status='OK'
 where id=548484;
insert into Party values (136062,null,'Ming','Davis','Wattle St','Princes Hill','VIC','3054','91600951');
insert into Client values (136062);
insert into Policy values (548504,to_date('1-Jan-1999','DD-MON-YYYY'),null,null,null,null,'DR');
insert into Holds values (136062,548504);
insert into CoveredItem values(128516,'Datsun','Bluebird',1982,'SHY036',2000);
insert into Coverage values (766722,'Fire',4615.78);
insert into Coverage values (766727,'Accidental Damage',1119.37);
update Policy set status='RA' where id=548504;
insert into Covers values (128516,548504,766722);
insert into Covers values (128516,548504,766727);
insert into RatingAction values(766722, 126560, 'A', to_date('5-Jan-1999','DD-MON-YYYY'), 61.87);
insert into Party values (136108,null,'Eric','Yeung','High St','Ellen Grove','QLD','4077','91010436');
insert into Employee values (915032, 136108, 'Rater', 71800);
insert into RatingAction values(766727, 136108, 'A', to_date('6-Jan-1999','DD-MON-YYYY'), 94.76);
update Policy set status='UW' where id=548504;
insert into UnderWritingAction values(548504, 133381, 'A', to_date('11-Jan-1999','DD-MON-YYYY'));
update Policy set validFrom=to_date('16-Jan-1999','DD-MON-YYYY'),validUntil=to_date('16-Jan-2000','DD-MON-YYYY'),premium=156.63,paidOn=to_date('15-Jan-1999','DD-MON-YYYY'),status='OK'
 where id=548504;
insert into Party values (136127,null,'Ngoc','Tran','Royal Pde','Merri','VIC','3068','95219115');
insert into Client values (136127);
insert into Policy values (548586,to_date('10-Mar-1999','DD-MON-YYYY'),null,null,null,null,'DR');
insert into Holds values (136127,548586);
insert into CoveredItem values(128556,'Honda','Civic',1995,'WHO360',13500);
insert into Coverage values (766745,'Fire',268.05);
update Policy set status='RA' where id=548586;
insert into Covers values (128556,548586,766745);
insert into RatingAction values(766745, 123978, 'A', to_date('11-Mar-1999','DD-MON-YYYY'), 89.05);
update Policy set status='UW' where id=548586;
insert into UnderWritingAction values(548586, 135693, 'A', to_date('16-Mar-1999','DD-MON-YYYY'));
update Policy set validFrom=to_date('20-Mar-1999','DD-MON-YYYY'),validUntil=to_date('19-Mar-2000','DD-MON-YYYY'),premium=89.05,paidOn=to_date('19-Mar-1999','DD-MON-YYYY'),status='OK'
 where id=548586;
insert into Claimant values (132536);
insert into Claim values(124694, 548586, 132536, to_date('29-May-1999','DD-MON-YYYY'), to_date('29-May-1999','DD-MON-YYYY'), 19789.37, 'A');
insert into ClaimAction values(124694, 124929, 'OP', to_date('29-May-1999','DD-MON-YYYY'), 19789.37, null);
insert into Party values (136218,null,'Robert','Chang','High St','Seaholme','VIC','3018','95327453');
insert into ClaimAction values(124694, 124929, 'PO', to_date('1-Jun-1999','DD-MON-YYYY'), 16174.79, 136218);
insert into Party values (136329,null,'Samuel','Korth','Station Rd','Meadow Heights','VIC','3048','96795653');
insert into ClaimAction values(124694, 124929, 'PO', to_date('3-Jun-1999','DD-MON-YYYY'), 2788.32, 136329);
insert into Party values (136441,null,'Hai','Robinson','Commercial St','Wattle Glen','VIC','3096','94920348');
insert into ClaimAction values(124694, 124456, 'PO', to_date('6-Jun-1999','DD-MON-YYYY'), 1117.00, 136441);
insert into ClaimAction values(124694, 124929, 'CL', to_date('6-Jun-1999','DD-MON-YYYY'), 0.00, null);
update Claim set reserve=-290.74, status='Z' where id=124694;
insert into Party values (136459,null,'Jane','Nguyen','Smith St','Kensington','NSW','2033','95202636');
insert into Client values (136459);
insert into Policy values (548690,to_date('28-Mar-1999','DD-MON-YYYY'),null,null,null,null,'DR');
insert into Holds values (136459,548690);
insert into CoveredItem values(128591,'Mitsubishi','Mirage',1985,'RPL988',5000);
insert into Coverage values (766748,'Fire',2025.24);
update Policy set status='RA' where id=548690;
insert into Covers values (128591,548690,766748);
insert into RatingAction values(766748, 136108, 'A', to_date('29-Mar-1999','DD-MON-YYYY'), 97.27);
update Policy set status='UW' where id=548690;
insert into UnderWritingAction values(548690, 126412, 'A', to_date('30-Mar-1999','DD-MON-YYYY'));
update Policy set validFrom=to_date('2-Apr-1999','DD-MON-YYYY'),validUntil=to_date('1-Apr-2000','DD-MON-YYYY'),premium=97.27,paidOn=to_date('1-Apr-1999','DD-MON-YYYY'),status='OK'
 where id=548690;
insert into Party values (136511,null,'Stephen','Lee','Commercial St','Normanhurst','NSW','2076','95777587');
insert into Claimant values (136511);
insert into Claim values(124705, 548690, 136511, to_date('15-Aug-1999','DD-MON-YYYY'), to_date('15-Aug-1999','DD-MON-YYYY'), 20111.63, 'A');
insert into Party values (136520,null,'Kim','Tran','Station St','Princes Hill','VIC','3054','99731444');
insert into Employee values (915131, 136520, 'Claim Processor', 67300);
insert into ClaimAction values(124705, 136520, 'OP', to_date('15-Aug-1999','DD-MON-YYYY'), 20111.63, null);
insert into ClaimAction values(124705, 136520, 'PO', to_date('17-Aug-1999','DD-MON-YYYY'), 4505.17, 136511);
insert into Party values (136563,null,'Natalie','Zhao','Main St','Bunya','QLD','4055','95370482');
insert into ClaimAction values(124705, 136520, 'PO', to_date('22-Aug-1999','DD-MON-YYYY'), 3017.01, 136563);
insert into Party values (136623,'Slaughter Data Co','Anthony','Lam','Commercial Rd','Glenroy','VIC','3046','92304076');
insert into ClaimAction values(124705, 136520, 'PO', to_date('23-Aug-1999','DD-MON-YYYY'), 9952.62, 136623);
insert into ClaimAction values(124705, 131034, 'PO', to_date('25-Aug-1999','DD-MON-YYYY'), 1482.90, 136511);
insert into Party values (136704,null,'Jane','Wilson','Hunter St','Suttons Beach','QLD','4020','95541991');
insert into ClaimAction values(124705, 136520, 'PO', to_date('28-Aug-1999','DD-MON-YYYY'), 2035.47, 136704);
insert into ClaimAction values(124705, 136520, 'CL', to_date('28-Aug-1999','DD-MON-YYYY'), 0.00, null);
update Claim set reserve=-881.54, status='Z' where id=124705;
insert into Party values (136738,'ACME Products Corp','Yang','Ng','Waratah St','Boondall Heights','QLD','4034','99712218');
insert into Client values (136738);
insert into Policy values (548731,to_date('27-Mar-1999','DD-MON-YYYY'),null,null,null,null,'DR');
insert into Holds values (136738,548731);
insert into CoveredItem values(128607,'Ford','Futura',1994,'VZC935',12000);
insert into Coverage values (766755,'Third Party',3294.16);
insert into Coverage values (766765,'Third Party',5212.65);
insert into Coverage values (766770,'Fire',307.50);
update Policy set status='RA' where id=548731;
insert into Covers values (128607,548731,766755);
insert into Covers values (128607,548731,766765);
insert into Covers values (128607,548731,766770);
insert into Party values (136762,null,'Ronald','Zhang','Wattle St','Ardeer','VIC','3022','95701293');
insert into Employee values (915244, 136762, 'Rater', 70100);
insert into RatingAction values(766755, 136762, 'A', to_date('29-Mar-1999','DD-MON-YYYY'), 74.64);
insert into RatingAction values(766765, 132983, 'A', to_date('1-Apr-1999','DD-MON-YYYY'), 64.54);
insert into Party values (136843,null,'Hong','Macdonald','Mandible St','Tottenham','VIC','3012','97281493');
insert into Employee values (915260, 136843, 'Rater', 63100);
insert into RatingAction values(766770, 136843, 'A', to_date('31-Mar-1999','DD-MON-YYYY'), 70.96);
update Policy set status='UW' where id=548731;
insert into UnderWritingAction values(548731, 133381, 'A', to_date('2-Apr-1999','DD-MON-YYYY'));
update Policy set validFrom=to_date('11-Apr-1999','DD-MON-YYYY'),validUntil=to_date('10-Apr-2000','DD-MON-YYYY'),premium=210.13,paidOn=to_date('9-Apr-1999','DD-MON-YYYY'),status='OK'
 where id=548731;
insert into Party values (136939,null,'Stephen','Lim','Royal Pde','Bellbowrie','QLD','4070','94057616');
insert into Client values (136939);
insert into Policy values (548806,to_date('4-Mar-1999','DD-MON-YYYY'),null,null,null,null,'DR');
insert into Holds values (136939,548806);
insert into CoveredItem values(128714,'Holden','Barina',1993,'ZSX055',10500);
insert into Coverage values (766773,'Third Party Property',2781.56);
update Policy set status='RA' where id=548806;
insert into Covers values (128714,548806,766773);
insert into RatingAction values(766773, 133494, 'A', to_date('9-Mar-1999','DD-MON-YYYY'), 89.53);
update Policy set status='UW' where id=548806;
insert into Party values (137031,null,'Samuel','Connolly','Royal Pde','Tempe','NSW','2044','98063658');
insert into Client values (137031);
insert into Policy values (548893,to_date('2-Jan-1999','DD-MON-YYYY'),null,null,null,null,'DR');
insert into Holds values (137031,548893);
insert into CoveredItem values(128810,'Mitsubishi','Mirage',1992,'AFP783',9000);
insert into Coverage values (766778,'Fire',1350.33);
insert into Coverage values (766788,'Fire',3636.73);
insert into Coverage values (766805,'Third Party Property',3830.60);
update Policy set status='RA' where id=548893;
insert into Covers values (128810,548893,766778);
insert into Covers values (128810,548893,766788);
insert into Covers values (128810,548893,766805);
insert into RatingAction values(766778, 129455, 'A', to_date('6-Jan-1999','DD-MON-YYYY'), 51.14);
insert into RatingAction values(766788, 129455, 'A', to_date('3-Jan-1999','DD-MON-YYYY'), 88.84);
insert into RatingAction values(766805, 134183, 'A', to_date('3-Jan-1999','DD-MON-YYYY'), 58.89);
update Policy set status='UW' where id=548893;
insert into Party values (137146,null,'Lap','Le','Philip St','Waverton','NSW','2060','96571349');
insert into Employee values (915325, 137146, 'Underwriter', 95900);
insert into UnderWritingAction values(548893, 137146, 'A', to_date('10-Jan-1999','DD-MON-YYYY'));
update Policy set validFrom=to_date('17-Jan-1999','DD-MON-YYYY'),validUntil=to_date('17-Jan-2000','DD-MON-YYYY'),premium=198.86,paidOn=to_date('15-Jan-1999','DD-MON-YYYY'),status='OK'
 where id=548893;
insert into Party values (137221,null,'Adam','Wilson','Hume Rd','Donnybrook','VIC','3064','90379638');
insert into Client values (137221);
insert into Policy values (548909,to_date('10-Jan-1999','DD-MON-YYYY'),null,null,null,null,'DR');
insert into Holds values (137221,548909);
insert into CoveredItem values(128817,'Mitsubishi','Mirage',1996,'RAA802',15000);
insert into Coverage values (766813,'Fire',195.88);
update Policy set status='RA' where id=548909;
insert into Covers values (128817,548909,766813);
insert into Party values (137330,null,'Kim','Zheng','King St','Newlands Estate','VIC','3058','98391722');
insert into Employee values (915424, 137330, 'Rater', 75400);
insert into RatingAction values(766813, 137330, 'A', to_date('15-Jan-1999','DD-MON-YYYY'), 92.46);
update Policy set status='UW' where id=548909;
insert into Party values (137435,null,'James','Baker','York St','Belrose','NSW','2085','93476867');
insert into Employee values (915499, 137435, 'Underwriter', 94200);
insert into UnderWritingAction values(548909, 137435, 'A', to_date('21-Jan-1999','DD-MON-YYYY'));
update Policy set validFrom=to_date('24-Jan-1999','DD-MON-YYYY'),validUntil=to_date('24-Jan-2000','DD-MON-YYYY'),premium=92.46,paidOn=to_date('23-Jan-1999','DD-MON-YYYY'),status='OK'
 where id=548909;
insert into Party values (137512,null,'Kevin','Peters','Hume Rd','Diamond Bay','NSW','2030','96831359');
insert into Client values (137512);
insert into Policy values (548955,to_date('1-Feb-1999','DD-MON-YYYY'),null,null,null,null,'DR');
insert into Holds values (137512,548955);
insert into CoveredItem values(128912,'Datsun','Bluebird',1985,'UKP954',5000);
insert into Coverage values (766829,'Third Party Property',5018.95);
insert into Coverage values (766835,'Third Party',188.83);
update Policy set status='RA' where id=548955;
insert into Covers values (128912,548955,766829);
insert into Covers values (128912,548955,766835);
insert into RatingAction values(766829, 126174, 'A', to_date('5-Feb-1999','DD-MON-YYYY'), 78.72);
insert into RatingAction values(766835, 135951, 'A', to_date('6-Feb-1999','DD-MON-YYYY'), 93.64);
update Policy set status='UW' where id=548955;
insert into Party values (137579,null,'Lachlan','Ma','Pacific St','Eatons Hill','QLD','4037','97868041');
insert into Employee values (915597, 137579, 'Underwriter', 86400);
insert into UnderWritingAction values(548955, 137579, 'A', to_date('10-Feb-1999','DD-MON-YYYY'));
update Policy set validFrom=to_date('19-Feb-1999','DD-MON-YYYY'),validUntil=to_date('19-Feb-2000','DD-MON-YYYY'),premium=172.36,paidOn=to_date('17-Feb-1999','DD-MON-YYYY'),status='OK'
 where id=548955;
insert into Party values (137592,null,'Edward','Halim','Victoria Rd','Taringa','QLD','4068','92130431');
insert into Client values (137592);
insert into Policy values (549027,to_date('1-Mar-1999','DD-MON-YYYY'),null,null,null,null,'DR');
insert into Holds values (137592,549027);
insert into CoveredItem values(128973,'Honda','Accord',1986,'MDU727',5000);
insert into Coverage values (766841,'Third Party Property',223.91);
update Policy set status='RA' where id=549027;
insert into Covers values (128973,549027,766841);
insert into Party values (137639,null,'Siu','Ma','Station St','Sumner','QLD','4074','94794005');
insert into Employee values (915626, 137639, 'Rater', 70300);
insert into RatingAction values(766841, 137639, 'A', to_date('4-Mar-1999','DD-MON-YYYY'), 64.43);
update Policy set status='UW' where id=549027;
insert into Party values (137696,null,'Hai','Lu','Wattle St','Gilberton','VIC','3072','98112792');
insert into Employee values (915699, 137696, 'Underwriter', 96600);
insert into UnderWritingAction values(549027, 137696, 'A', to_date('6-Mar-1999','DD-MON-YYYY'));
update Policy set validFrom=to_date('10-Mar-1999','DD-MON-YYYY'),validUntil=to_date('9-Mar-2000','DD-MON-YYYY'),premium=64.43,paidOn=to_date('9-Mar-1999','DD-MON-YYYY'),status='OK'
 where id=549027;
insert into Party values (137766,'Macdonalds Wireless Services','Tao','Ko','Pacific St','Normanhurst','NSW','2076','90796508');
insert into Claimant values (137766);
insert into Claim values(124804, 549027, 137766, to_date('1-Jun-1999','DD-MON-YYYY'), to_date('1-Jun-1999','DD-MON-YYYY'), 23699.58, 'A');
insert into ClaimAction values(124804, 124264, 'OP', to_date('1-Jun-1999','DD-MON-YYYY'), 23699.58, null);
insert into ClaimAction values(124804, 129511, 'PO', to_date('6-Jun-1999','DD-MON-YYYY'), 17119.16, 137766);
insert into Party values (137780,null,'Yi','Tran','Waratah St','Cremorne','NSW','2090','93306884');
insert into ClaimAction values(124804, 124264, 'PO', to_date('8-Jun-1999','DD-MON-YYYY'), 2208.93, 137780);
insert into Party values (137884,null,'Zhi','Lawson','Park St','Waverton','NSW','2060','94431762');
insert into ClaimAction values(124804, 126882, 'PO', to_date('9-Jun-1999','DD-MON-YYYY'), 4095.59, 137884);
update Claim set reserve=275.91, status='A' where id=124804;
insert into Party values (137913,null,'Tao','Lim','New St','Dee Why','NSW','2099','96078795');
insert into Client values (137913);
insert into Policy values (549048,to_date('14-Jan-1999','DD-MON-YYYY'),null,null,null,null,'DR');
insert into Holds values (137913,549048);
insert into CoveredItem values(129077,'Holden','Barina',1982,'CQT852',2000);
insert into Coverage values (766845,'Accidental Damage',270.40);
update Policy set status='RA' where id=549048;
insert into Covers values (129077,549048,766845);
insert into Party values (137976,null,'Zhen','Mitchell','Queen St','Everton Park','QLD','4053','97116088');
insert into Employee values (915729, 137976, 'Rater', 70000);
insert into RatingAction values(766845, 137976, 'A', to_date('18-Jan-1999','DD-MON-YYYY'), 79.51);
update Policy set status='UW' where id=549048;
